CASE	QUESTNNR	MODE	AU01	AU02	AU03	RU01_01	RU02_01	RU03_01	RU04_01	RU05_01	RU06_01	AS01	AS02	AS03	RS01_01	RS02_01	RS03_01	RS04_01	RS05_01	RS06_01	AW01	AW02	AW03	RW01_01	RW02_01	RW03_01	RW04_01	RW05_01	RW06_01	AK01	AK02	AK03	RK01_01	RK02_01	RK03_01	RK04_01	RK05_01	RK06_01	KD01	KD02	KD02_01	KD02_02	KD02_03	KD02_04	KD02_05	KD02_06	KD02_07	KD02_08	KD02_09	KD03	KD08	KD06	KD06_01	KD06_02	KD06_03	KD06_04	KD06_05	KD07	KD09	KD04	KD04_01	KD04_02	KD04_03	KD05	KD10	KD10_01	KD10_02	KD10_05	KD10_03	KD10_04	TIME001	TIME002	TIME003	TIME004	TIME005	TIME006	TIME007	TIME008	TIME009	TIME010	TIME011	TIME012	TIME013	TIME014	TIME015	TIME016	TIME017	TIME018	TIME019	TIME020	TIME021	TIME022	TIME023	TIME024	TIME025	TIME026	TIME027	TIME028	TIME029	TIME030	TIME031	TIME032	TIME033	TIME034	TIME035	TIME036	TIME037	TIME038	TIME039	TIME040	TIME041	TIME042	TIME043	TIME044	TIME_SUM	FINISHED	Q_VIEWER	LASTPAGE	MAXPAGE
140	FB2	interview	1	1	1	5		7		7		1	1	1	8		8		5		2	2	1		7		5	7		1	1	1	8		6		5		1													2	T	F	F	T	F	4	3												167	2	10	7		9	2		10	5		7	11	8		4	4		3	3		2	4	1		4	1		6	1		2	4		2	11		4	3	2		2	31	10	170	T	F	44	44
141	FB3	interview	1	-1	-1	6						-1	-1	-1							-1	-1	-1							-1	-1	-1							2																					-1	F	F	F	4	1	F	F	F	T	F	7	11	10			20			7			12	23	8		12			24			5	5			5			4			6	3			5			8			3	27	23	220	T	F	44	44
143	FB3	interview	2	2	-1		5		4			-1	-1	-1							2	2	1		6		4	2		-1	1	1			3		3		1																					1	T	F	F	2	1	F	F	F	F	T	52	15	47			66	26		14	12		9	32		25	15		4	9			4	28			17			73			8	23		21	18		5	13	21		2	44	407	509	T	F	44	44
144	FB2	interview	-1	-1	-1							-1	-1	-1							-1	-1	-1							-1	-1	-1							-1													3	T	T	F	F	T	3	3												10	3	18			12			16			6	15			16			13			4	7			14			14			3	23			15			12			2	76	31	310	T	F	44	44
145	FB3	interview	-1	-1	-1							-1	-1	-1							-1	-1	-1							-1	-1	-1							2																					1	F	T	F	2	1	F	F	F	F	T	5	106	7			5			4			2	5			4			4			1	4			2			3			1	6			2			4			1	36	131	238	T	F	44	44
147	FB1	interview	-1	-1	-1							-1	1	-1			2				-1	-1	-1							1	1	1	3		6		3		1	1	F	F	F	F	F	F	F	F	T	1	1																				96	19	31	19		32	13		21	10		14	17			8			8			9	16			17	6		16			3	26			15			6			2	40	34	478	T	F	44	44
149	FB3	interview	-1	2	-1				4			2	-1	2		4				5	2	-1	1		5			3		-1	-1	-1							1																					2	T	T	F	2	2	F	F	F	T	T	32	11	50			24			22			6	27			45		28	24			3	25		9	21			20		7	2	18		6	21			16	3		3	73	879	532	T	F	44	44
150	FB2	interview	2	1	1		6	3		7		1	1	1	4		5		5		2	1	1		4	5		5		-1	2	2				4		5	2													1	F	F	F	T	F	4	2												4	8	16			14		16	15		3	11	9		6	19	4		4	4		6	7	4		4	2		5	3		7	10		4	8	5		12	2		4	27	36	247	T	F	44	44
151	FB1	interview	1	-1	2	3					3	-1	-1	-1							2	2	1		3		4	2		-1	-1	1					4		2	4	F	F	T	T	T	T	F	F	F	1	1																				8029	18	69			22			11	26		8	44	9		20			26		21	30	22			13			4			3	11		4	6		3	13	3		3	46	176	564	T	F	44	44
153	FB1	interview	2	1	1		1	5		4		1	-1	1	2				2		1	-1	-1	3						1	1	1	7		5		3		-1	3	F	F	F	T	T	T	F	F	F	2	1																				6	2	12	55		131	10		29	3		2	242		13	112	3		12	2		2	9	2		5			7	2		2	43	4		4			7			2	60	34	366	T	F	44	44
154	FB1	interview	-1	-1	-1							-1	-1	-1							1	-1	2	5					5	-1	-1	-1							2	1	T	F	F	F	F	F	F	F	F	3	2																				5	7	58			6			13			9	30			6			18			9	59			4			5			2	46	7		8			42		4	3	31	16	388	T	F	44	44
155	FB2	interview	2	-1	1		3			3		-1	1	1			3		3		2	-1	1		4			2		1	1	1	4		7		7		1													1	T	F	F	F	F	1	2												19	12	24	12		9	5		8	4		7	12		2	7			5	3		5	6			5	4		7	2		7	14		3	8			6	3		2	47	21	257	T	F	44	44
156	FB1	interview	-1	-1	-1							-1	-1	-1							1	-1	-1	3						-1	-1	-1							1	1	F	F	T	F	F	F	F	F	F	-1	1																				115	27	47			31			13			11	74			29			22			10	40			13			13			10	85	44		51			26			4	46	41	454	T	F	44	44
157	FB1	interview	1	-1	2	5					5	2	-1	1		5			6		-1	-1	-1							-1	1	-1			5				2	1	T	F	F	F	F	F	F	F	F	4	1																				3072	16	25			16	15		13			8	6	5		9			11		4	8	13		3	6			10	3		7	7			8			12			3	23	39	285	T	F	44	44
158	FB3	interview	-1	2	-1				4			-1	-1	-1							2	2	-1		6		2			-1	1	1			5		7		1																					1	T	F	F	4	3	T	T	F	F	T	3717	7	49			17	11		4	3		4	17			14		8	9			2	7			9			3			1	13		16	17		3	27			2	171	61	346	T	F	44	44
160	FB1	interview	-1	-1	-1							1	-1	2	4					4	2	2	1		6		6	4		-1	1	1			5		5		1	1	F	F	F	T	F	F	F	F	F	2	2																				8	17	33			19	24		15	11		12	29			74			14			9	36	12		19			21		4	7	23		3	20		6	21	5		2	54	44	488	T	F	44	44
162	FB2	interview	-1	-1	-1							-1	-1	-1							-1	-1	-1							-1	-1	-1							-1													4	T	T	T	T	F	4	3												25	3	13			19			6			3	14			23			7			3	15			5			10			1	14			8			8			2	46	29	254	T	F	44	44
163	FB2	interview	-1	-1	-1							1	1	-1	4		4				2	-1	1		4			3		1	1	2	6		4			3	2													2	F	T	T	F	F	1	2												1573	22	20	32		23	5		19		82	9	20			22			13			9	42	5		12	5		16			10	11		10	14			10	3		3	25	21	359	T	F	44	44
165	FB1	interview	2	2	-1		5		6			1	-1	2	5					5	1	-1	2	6					5	-1	1	1			6		6		2	1	F	F	T	F	F	F	F	F	F	4	2																				25	23	59			24	16		13	8		8	19		10	24		8	16			6	14	4		23			10		10	6	20	4		24			7		9	3	27	24	444	T	F	44	44
168	FB1	interview	-1	1	1			4		3		2	1	1		6	4		5		2	1	1		5	6		6		-1	1	1			6		3		1	1	F	F	F	F	T	F	F	F	F	4	1																				5	2	54			24	24		11	5		8	17			12	14		11	3		3	16		5	7	6		7	4		3	7		13	7	5		9	4		3	41	12	334	T	F	44	44
169	FB1	interview	-1	-1	-1							-1	-1	-1							-1	-1	-1							-1	-1	-1							-1	-1	F	F	F	F	F	F	F	F	F	-1	1																				27	12	3422			19			23			8	27			13			33			1	36			16			31			1	22			45			9			6	75	998	444	F	F	42	44
170	FB3	interview	-1	-1	-1							-1	-1	-1							-1	-1	-1							-1	-1	-1							1																					1	F	F	T	2	1	F	F	F	T	F	21	2	21			16			16			7	10			6			7			4	4			5			2			3	4			2			2			2	83	23	240	T	F	44	44
175	FB3	interview	-1	2	2				6		6	1	1	-1	6		6				-1	1	1			6		8		1	-1	2	8					8	2																					1	F	F	T	3	1	F	F	F	F	T	10	11	22	29		19			21		5	13	2028			36		16	33		2	6	12	4		9	3		20			4	24			8	3		7	6		4	54	25	394	T	F	44	44
176	FB3	interview	-1	-1	-1							2	-1	1		4			5		-1	-1	-1							-1	1	-1			6				1																					-1	F	F	F	4	1	F	F	F	T	F	9	13	26			21	76		13			6	16			19			11			2	10		11	20			6	4		1	16			7			6			2	29	41	309	T	F	44	44
178	FB1	interview	-1	-1	-1							-1	-1	1					5		-1	-1	-1							1	1	2	6		6			5	1	-1	F	F	F	F	F	F	F	F	F	4	1																				24	18	27	13		32	8		31		12	11	21			31			14			9	16			10			41	12		10	25			12			13			3	34	19	438	T	F	44	44
180	FB1	interview	-1	-1	-1							-1	-1	-1							-1	-1	-1							-1	-1	-1							2	1	F	F	T	F	F	F	F	F	F	4	1																				20	20	56			27			18			11	21			19			12			9	15			10			12			6	12			12			9			4	47	60	400	T	F	44	44
182	FB1	interview	2	2	2		3		2		2	2	-1	-1		3					2	1	1		3	3		3		-1	1	-1			6				2	1	F	F	F	T	F	F	F	F	F	-1	3																				15	22	38			28	32		28			12	25		4	28		6	45		5	10	26		2	24			45			6	25		10	71	3		16	4		5	72	70	581	T	F	44	44
186	FB2	interview	-1	-1	1					6		-1	2	-1				3			-1	-1	-1							-1	1	1			8		6		1													4	T	F	T	T	T	3	2												16	12	23			49	15		14	11		9	11			15			11	8		6	16			17		11	14			4	6			9			7			3	71	72	419	T	F	44	44
188	FB2	interview	1	2	2	6			4		5	-1	-1	-1							2	-1	1		5			2		-1	-1	-1							2													4	T	T	T	T	F	4	3												4	2	9			7			3			2	5	9		5		4	4		3	1	10			9			3			3	8		2	6			5	3		1	19	21	132	T	F	44	44
193	FB2	interview	-1	-1	-1							-1	-1	-1							-1	-1	-1							-1	-1	-1							1													2	F	F	T	F	T	4	3												4	9	17			18			13			7	19			11			17			5	10			15			14			3	18			9			6			3	52	24	274	T	F	44	44
194	FB2	interview	-1	2	1				4	4		2	2	2		4		5		2	2	-1	1		6			4		-1	1	1			4		3		1													1	F	F	F	T	F	1	2												5	16	66			16	28		17	24		10	17			24		4	12	7		48	21		4	15		3	26		4	2	14		4	26			5	4		4	31	66	470	T	F	44	44
195	FB3	interview	-1	-1	-1							-1	1	1			6		6		-1	-1	-1							-1	-1	-1							2																					2	T	F	T	3	1	T	F	F	F	F	33	22	42			25			8			14	26			51			7			2	23			16	41		18	4		12	29			32			25			6	150	622	553	T	F	44	44
197	FB3	interview	-1	-1	-1							2	-1	1		5			5		2	2	-1		4		4			-1	-1	-1							1																					1	T	F	F	4	1	F	F	F	F	T	11	20	39			44			11			9	18			17			20			5	20		22	22			16	11		3	29		7	39		12	14			3	159	60	604	T	F	44	44
199	FB2	interview	-1	-1	-1							2	2	1		2		2	2		-1	-1	-1							-1	1	1			6		4		1													2	F	F	T	T	F	4	2												7	6	19			7	27		20	7		16	20			6			7			9	7		4	11		4	9	3		13	5			4			3			5	24	26	265	T	F	44	44
202	FB2	interview	-1	-1	-1							2	2	1		3		5	6		2	-1	-1		5					-1	-1	-1							1													2	F	T	T	F	F	2	3												17	10	27			12			7			11	16			21			7			26	9		14	38		4	25	13		6	15		10	8			7			3	42	26	324	T	F	44	44
203	FB1	interview	-1	-1	-1							1	1	1	3		3		6		2	2	-1		7		6			1	-1	-1	7						1	1	T	F	F	F	F	F	F	F	F	4	2																				7	13	32	28		16			9			9	12			17			5			6	21	7		15	9		24	6		6	7		3	15		5	8			1	24	44	349	T	F	44	44
204	FB1	interview	1	-1	2	5					5	1	1	2	6		6			4	2	2	-1		7		6			-1	2	-1				3			2	1	F	F	T	F	F	F	F	F	F	4	3																				6	5	25			58		21	55			8	27	10		59			14		3	5	33	4		21	4		24		5	2	24		5	22		2	24			4	30	3270	442	T	F	44	44
205	FB2	interview	-1	1	1			6		8		-1	-1	-1							1	-1	2	6					3	-1	-1	1					8		1													4	T	T	F	T	T	2	2												12	5	31			10			26	22		4	31			41	9		12	8		2	27			22			21			3	32	20		22			25		17	4	57	35	452	T	F	44	44
206	FB1	interview	-1	-1	-1							-1	1	1			6		6		-1	-1	-1							1	1	-1	6		6				2	1	F	F	F	T	F	F	F	F	F	4	2																				30	28	26	36		30	5		28			12	22			25			41			13	31			33	12		110	5		12	17			12			20			6	41	21	512	T	F	44	44
210	FB1	interview	2	2	-1		6		5			-1	-1	-1							2	-1	1		6			5		1	-1	2	6					6	2	1	F	F	F	F	F	F	F	F	T	4	2																				6	12	34	16		87			14		4	11	17		15	11		14	17			9	145			14			15			5	18		19	21			28	5		3	49	20	408	T	F	44	44
218	FB2	interview	-1	-1	-1							-1	1	1			1		3		-1	2	-1				2			-1	-1	1					3		1													1	F	F	T	F	F	1	2												12	9	21			20			15	12		10	19			11			12			8	6			13	8		10	7		9	210			21		5	15			3	50	84	393	T	F	44	44
221	FB1	interview	-1	1	1			6		6		-1	1	1			7		7		-1	-1	-1							-1	1	1			7		7		1	1	F	F	T	F	F	F	F	F	F	4	3																				5	13	24			22	25		15	4		11	20			15	7		21	5		9	35			27	3		24	3		12	27			13			25			3	31	63	462	T	F	44	44
222	FB1	interview	1	1	1	4		6		3		2	-1	1		5			5		2	-1	-1		4					-1	-1	-1							2	1	F	F	T	F	F	F	F	F	F	4	2																				6	12	20			48			6			1584	40	28		13	9		23	2		10	21		11	5			10	11		9	7		12	5			7			3	28	64	378	T	F	44	44
223	FB3	interview	1	-1	2	5					6	1	1	-1	4		4				-1	1	1			6		5		1	2	2	5			7		8	2																					1	F	F	T	4	2	F	F	T	T	F	8	18	33	27		17		13	20		6	9	26	7		12			11		4	3	36	4		13	2		19			3	27			12	7		13	3		3	67	22	390	T	F	44	44
224	FB1	interview	2	2	-1		6		6			2	2	2		5		6		6	2	2	2		6		6		6	-1	-1	1					6		2	2	T	F	T	F	F	F	F	F	F	4	2																				22	3	32			57			57	14		18	30		16	21		4	17			13	37		6	27		6	31		3	5	21		4	11		3	25		8	3	48	657	536	T	F	44	44
225	FB2	interview	2	-1	-1		5					-1	-1	-1							-1	-1	-1							-1	1	1			5		5		1													4	T	T	T	F	T	4	3												59	31	30			15	35		18	14		17	22		12	32			28			75	18			30			7			12	10			18			12			4	87	49	566	T	F	44	44
226	FB1	interview	-1	-1	-1							2	1	1		2	2		3		2	-1	2		3				2	1	2	2	2			5		3	2	1	F	F	F	F	F	F	F	T	F	4	2																				3	10	29409	31		66		27	58		5	6	22			24			8			24	110		2	46	2		22	8		5	27		9	25			27		3	2	27	1119	463	T	F	44	44
227	FB1	interview	2	1	-1		3	3				-1	1	-1			6				2	2	2		4		6		6	2	1	1		3	3		6		1	1	F	F	F	F	F	F	T	F	F	4	2																				28	8	20		24	38	4		16	3		7	19		2	11	2		17			2	28			22	4		18			2	12		5	8		2	8		3	3	24	21	337	T	F	44	44
228	FB1	interview	-1	2	-1				4			2	1	1		4	5		4		-1	1	2			3			3	-1	-1	2						1	2	1	F	F	F	F	F	F	F	T	F	1	1																				6966	13	34			31			38		22	9	34			24		6	13			2	52		5	17	4		20	7		3	39			24	3		8		3	3	30	24	483	T	F	44	44
232	FB3	interview	2	2	1		7		3	4		2	-1	1		5			7		-1	-1	-1							-1	1	-1			5				1																					1	T	F	F	3	2	F	T	F	F	T	56	19	29			35	48		57			22	33		120	31		34	50	18		9	25		22	43			68	37		9	32			65			43			5	258	313	593	T	F	44	44
236	FB1	interview	1	2	2	5			5		5	1	1	1	2		2		3		2	1	1		5	3		3		1	2	2	3			3		3	2	1	F	F	F	F	F	F	F	F	T	3	3																				43	159	12	18		19		4	7		3	14	21	6		5		3	3		3	2	10	2		6	3		7	3		2	7		3	5	2		4	4		2	48	33	313	T	F	44	44
239	FB1	interview	-1	-1	-1							-1	-1	-1							-1	-1	-1							-1	1	-1			6				1	1	F	F	F	F	F	T	F	F	F	3	1																				48	2	16			13	6		20			9	11			10			9			4	9			10			5			2	7			6			5			2	31	37	262	T	F	44	44
241	FB1	interview	2	2	-1		1		2			-1	-1	-1							1	2	2	1			4		2	-1	-1	-1							1	3	F	F	F	F	T	T	F	F	T	2	2																				540	26	38			47			17			6	160		16	20		21	11			2	36			18			20			4	30	5		17		12	42		6	2	32	55	497	T	F	44	44
244	FB2	interview	2	2	-1		3		6			-1	1	-1			4				-1	-1	-1							-1	1	-1			5				1													2	T	F	T	F	F	4	2												13	17	21			25	25		15			10	20		10	13		9	10			6	14			13	4		14			14	5			13			6			4	66	42	380	T	F	44	44
245	FB2	interview	-1	-1	1					5		-1	-1	1					6		2	2	-1		5		6			-1	2	1				3	5		1													2	F	T	T	F	F	4	3												33	29	41			21		16	20	20		9	21			14			6	11		5	14			12			12	11		6	16		10	19		8	24			3	46	416	447	T	F	44	44
249	FB2	interview	-1	-1	-1							-1	-1	-1							-1	-1	-1							-1	-1	-1			-9				-1													4	T	T	T	T	F	3	3												4	3	30			32	15		13			19	44			14			15			8	14			14			5			12	5			8			4			2	57	440	354	T	F	44	44
250	FB2	interview	1	-1	1	6				6		1	1	-1	8		6				2	2	2		7		6		6	-1	-1	1					5		2													2	F	F	T	T	F	4	1												885	31	65			43			37	70		15	57	26		97			33	12		12	30	7		26	23		38			12	36		4	36		10	49		23	9	67	186	618	T	F	44	44
251	FB3	interview	2	-1	1		4			5		-1	-1	-1							-1	-1	2						4	-1	-1	-1							2																					1	T	F	F	4	1	F	F	F	T	F	84	2	15			12			6			2	6		17	11			3	3		2	3			4			4			2	3			6			3		7	1	17	32	165	T	F	44	44
252	FB3	interview	1	-1	2	5					6	-1	-1	2						5	1	2	2	7			5		5	-1	-1	-1							2																					1	F	F	T	4	4	T	F	T	T	T	7	11	21			14			16			6	18	24		16			18		16	5	25			7			15		15	3	15	10		14		7	33		4	2	222	47	336	T	F	44	44
254	FB3	interview	1	2	2	5			5		6	2	-1	-1		8					-1	-1	-1							-1	-1	-1							2																					1	F	T	F	3	1	F	F	F	T	F	7	12	46			29			20			6	49	41		21		14	16		16	2	27		19	19			19			11	16			10			9			4	41	63	460	T	F	44	44
255	FB3	interview	-1	-1	-1							1	1	2	5		5			5	2	1	1		6	6		6		-1	2	2				8		8	2																					2	F	T	T	4	2	F	T	T	F	F	7	22	44			14		16	14		12	6	18			15			10			8	6	8		14	4		40		3	2	11		9	24	2		7	6		3	57	43	398	T	F	44	44
256	FB1	interview	2	2	1		6		3	6		2	1	1		6	6		6		2	1	1		4	4		4		-1	1	1			4		6		1	1	F	F	T	F	F	F	F	F	F	2	2																				14	3	14			25	18		5	4		7	18		4	24		6	4	2		3	7		3	9	1		5	1		4	10		5	5	3		5	2		3	21	24	259	T	F	44	44
257	FB2	interview	-1	-1	-1							-1	-1	-1							-1	-1	-1							-1	-1	-1							2													2	T	F	T	F	F	4	3												38	14	34			26			24			16	36			18			16			10	18			22			13			9	18			28			9			2	49	103	503	T	F	44	44
258	FB1	interview	-1	-1	1					8		-1	1	1			7		7		1	2	2	4			4		4	2	1	1		6	6		8		1	1	F	F	F	F	F	T	F	F	F	2	3																				6	10	29		28	29	6		10	3		8	14			9			9	7		3	16			7	2		7	3		3	23	4		10		2	6		3	3	22	133	387	T	F	44	44
259	FB3	interview	-1	2	-1				3			1	-1	-1	3						-1	-1	-1							1	-1	2	3					3	2																					1	T	F	F	1	1	F	T	F	F	F	17	20	46	20		24			25		7	137	36			28		14	16			10	31	8		40			83			10	23			38			13			3	61	28	484	T	F	44	44
260	FB2	interview	-1	-1	-1							-1	-1	1					3		2	-1	-1		3					-1	-1	-1					-9		1													1	F	F	F	T	F	3	2												5	10	13			37			48	4		8	48			36			21			8	32			13			17	20		6	39		9	25			14			3	51	30	449	T	F	44	44
263	FB1	interview	1	-1	2	3					3	1	2	2	6			5		6	2	2	2		4		4		4	-1	2	-1				3			1	-1	F	F	F	F	F	F	F	F	F	-1	1																				65	15	46			27		19	22			22	31	3		32			23		3	7	15	3		18		4	14		5	11	22		6	19		3	27		2	3	30	11	472	T	F	44	44
269	FB2	interview	-1	-1	-1							-1	-1	-1							-1	-1	-1			-9				-1	-1	-1							-1													5	T	T	T	T	T	2	3												30	14	86			11			8			9	26			9			14			11	7			10			15			14	57			57	40		13			6	111	48	406	T	F	44	44
270	FB1	interview	-1	-1	-1							-1	-1	-1							-1	-1	-1							-1	-1	-1							-1	1	T	F	F	F	F	F	F	F	F	-1	2																				5	2354	3352			5			2			6	63			2			2			2	2			3			2			2	4			7			2			4	36		155	F	F	43	43
271	FB1	interview	2	-1	1		6			6		2	2	-1		6		6			-1	-1	-1							-1	1	1			6		6		1	1	F	F	F	T	F	F	F	F	F	4	2																				30	21	34			19	27		24	4		17	51		4	20			28	11		3	17		7	14		9	22			5	18			7			10			3	35	27	458	T	F	44	44
273	FB2	interview	-1	-1	-1							-1	-1	-1							2	2	-1		8		6			-1	-1	-1							1													5	T	T	T	T	T	3	2												70	20	18			38			15			8	20			23			14			3	13			11			23			2	8		26	18		20	22			2	112	41	505	T	F	44	44
275	FB2	interview	2	-1	1		4			4		-1	-1	-1							-1	-1	-1							1	1	1	4		8		8		1													3	F	T	T	T	F	2	2												9	9	14	22		8	6		7	4		7	12		6	10			11	4		6	5			6			7			5	7			7			5			3	39	36	233	T	F	44	44
276	FB3	interview	-1	2	-1				2			2	2	1		4		3	2		-1	-1	-1							-1	-1	-1							-1																					1	T	F	F	1	1	F	F	F	F	T	39	10	66			22			8			8	94			14		14	6			2	18		10	9		3	16	2		3	71			12			5			3	64	12	382	T	F	44	44
280	FB1	interview	1	1	1	1		4		4		1	-1	2	3					6	1	2	-1	6			6			-1	1	1			5		5		-1	1	F	F	F	T	F	F	F	F	F	4	2																				12	18	16			14	13		16	7		9	21	13		21	7		7	7		7	12	15		19			13		12	2	19	6		19		10	7			5	40	52	419	T	F	44	44
283	FB2	interview	-1	1	1			3		3		2	-1	1		4			6		-1	-1	-1							-1	-1	-1							1													2	T	T	F	F	F	2	3												46	20	40			22			12			19	37			34	29		40	5		9	40		11	18			38	24		10	24			25			24			7	68	47	573	T	F	44	44
284	FB2	interview	-1	-1	-1							-1	-1	-1							2	2	-1		5		5			-1	-1	-1							1													3	T	F	T	T	F	4	2												12	8	9			11			12			5	19			7			22			4	5			8			7			3	29		30	14		11	14			5	38	29	276	T	F	44	44
285	FB2	interview	-1	-1	-1							-1	1	1			6		7		-1	-1	-1							-1	-1	-1							2													4	T	F	T	T	T	2	2												4	9	31			10			19			6	36			6			20			6	23			8	20		18	11		4	22			16			6			3	80	31	373	T	F	44	44
294	FB3	interview	-1	-1	-1							2	2	1		5		4	4		2	-1	1		6			6		-1	-1	-1							2																					1	F	F	T	4	1	F	F	F	T	F	32	7	25			13			5			9	20			9			5			3	11		16	8		4	10	3		2	7		2	10			8	2		3	40	53	303	T	F	44	44
295	FB1	interview	2	2	2		5		6		3	-1	-1	-1							-1	1	1			6		6		-1	-1	-1							2	2	T	F	T	F	F	F	F	F	F	4	3																				4	3	52			62			50			14	46		40	42		6	24		4	14	19			5			4			269	22			6	4		8	2		4	90	145	559	T	F	44	44
296	FB3	interview	-1	2	1				5	5		1	1	-1	6		5				1	-1	2	8					6	1	1	-1	7		7				2																					1	F	F	T	4	4	T	T	T	T	F	7	2	18	6		5	3		13			4	19			10		2	7	2		2	13	2		11	4		9			1	9	2		9			9		2	3	46	29	237	T	F	44	44
298	FB1	interview	1	1	-1	5		5				1	-1	2	6					6	-1	1	1			6		3		-1	-1	-1							1	1	F	F	F	F	F	F	F	F	T	4	2																				46	25	31			35			20			6	30	41		76	6		46			4	10	9		9			17		5	3	20			9	2		12	4		3	40	29	418	T	F	44	44
300	FB1	interview	-1	-1	1					6		-1	-1	1					4		-1	1	-1			6				-1	-1	-1							1	2	T	F	F	F	F	F	F	T	F	4	1																				86	13	13			8			13			3	10			5			6	13		3	6			4			6	5		3	7			13	9		6			1	36	27	281	T	F	44	44
302	FB2	interview	-1	-1	-1							-1	-1	1					6		-1	-1	-1							-1	-1	-1							1													1	F	F	F	T	F	4	2												26	16	38			63			21			16	48			17			22			12	60			21			35	41		8	39			27			31			4	44	43	484	T	F	44	44
304	FB2	interview	-1	-1	-1							-1	-1	-1							2	2	-1		6		6			-1	-1	-1							2													1	F	F	F	F	T	4	2												59	12	15			17			23			6	22			10			6			7	19			10			11			7	12		28	13		10	14			2	36	23	338	T	F	44	44
305	FB3	interview	2	2	1		5		4	6		1	2	2	2			2		3	-1	1	1			5		3		-1	1	2			6			6	1																					2	T	F	T	2	1	F	F	F	T	F	6	9	16			25	24		13		4	6	10		11	8		4	8	6		2	8	9		9		5	8		8	7	18			11	4		5	5		2	243	67	357	T	F	44	44
306	FB3	interview	-1	-1	-1							-1	1	-1			4				1	2	-1	4			5			1	-1	2	3					1	1																					1	T	F	F	-1	1	F	T	F	F	F	8	10	18	26		26			37		6	6	69			34			29			5	20			29	5		30			16	16	3		29		11	42			3	40	82	537	T	F	44	44
307	FB2	interview	-1	-1	-1							1	-1	2	5					5	2	-1	-1		6					-1	-1	-1							1													3	F	F	T	T	T	4	2												8	3	20			13			29			7	9			14			19			2	30	51		9			16		20	2	18		2	22			16			2	38	31	310	T	F	44	44
308	FB1	interview	1	1	1	6		6		5		2	1	1		6	5		6		2	2	1		7		5	6		2	2	2		5		5		5	2	1	F	F	F	F	F	F	F	F	T	3	3																				6	4	15		18	7		3	6		2	8	9	9		8	2		3	2		2	5		3	7	2		3	3		1	4		2	6		2	6	1		3	37	14	182	T	F	44	44
309	FB1	interview	-1	1	1			3		4		-1	1	1			5		3		-1	-1	-1							-1	-1	2						3	1	3	F	F	T	T	T	F	F	F	F	1	2																				5	88	34			22			18		15	4	15			9	2		6	3		2	19			7	3		14	6		2	11			8			13			2	21	26	280	T	F	44	44
310	FB2	interview	-1	2	1				3	4		2	1	-1		5	6				2	2	1		4		2	3		2	-1	1		5			5		2													2	F	T	T	F	F	1	2												20	16	33		38	36			19	37		16	44			58		13	12	11		9	41		4	17	9		27			20	37		7	36		5	20	5		3	34	74	577	T	F	44	44
311	FB3	interview	-1	1	1			3		3		2	1	1		5	5		6		2	2	2		5		7		6	1	1	2	5		7			4	1																					1	F	T	F	1	1	F	T	F	F	F	3391	31	41	22		21	10		23		9	27	29			27	4		7	5		8	21		6	11	3		6	3		7	11		3	4		3	6		4	2	36	29	381	T	F	44	44
312	FB3	interview	2	2	2		1		3		3	-1	-1	1					6		1	2	2	6			6		3	-1	-1	1					3		1																					1	T	F	F	2	1	F	F	F	F	T	63	4	27			10			50	36		18	68		60	60		43	42		26	16	77			57			39	19		16	56	34		45		34	65		35	6	177	61	536	T	F	44	44
313	FB3	interview	2	2	2		3		8		8	1	1	1	3		3		3		2	1	1		5	5		6		2	1	1		6	6		6		1																					1	F	F	T	4	1	F	F	F	T	F	20	12	13		16	9	8		8	6		16	21		11	10		6	5		3	5	5	13		4	5		6	4		16	116		13	20	200		8	24		10	78	806	381	T	F	44	44
317	FB2	interview	2	-1	-1		6					-1	1	1			5		6		2	1	1		6	5		5		-1	1	1			8		6		2													1	F	F	T	F	F	4	2												11	16	15			12	10		16	9		4	14		2	6			9			2	6			5	2		6	2		2	6		2	6	2		7	2		2	24	24	222	T	F	44	44
318	FB2	interview	-1	-1	-1							-1	-1	-1							-1	-1	-1							-1	-1	-1							1													1	F	T	F	F	F	2	3												20	8	15			11			8			3	17			11			5			3	10			5			6			1	7			5			5			22	96	815	275	T	F	44	44
319	FB3	interview	2	-1	1		3			3		1	-1	2	3					3	-1	-1	-1							-1	-1	-1							2																					1	T	F	F	4	1	T	F	F	F	F	7	4	35			21			4			3	34		9	13			6	2		3	8	5		7			7		3	2	10			8			3			2	26	28	242	T	F	44	44
322	FB3	interview	2	2	2		4		7		6	1	1	1	3		3		3		2	1	1		7	3		5		1	1	2	3		8			4	1																					1	F	F	T	4	2	F	F	F	T	T	780	20	23	7		8	2		17		8	2	687		8	10		7	8		5	10	13	5		12	4		32	3		7	4		3	12	6		4	3		3	80	52	395	T	F	44	44
324	FB2	interview	1	2	2	5			6		5	1	1	1	6		6		6		1	1	1	6		7		6		-1	-1	1					6		2													3	T	F	T	T	F	2	2												65	30	117			67			38	54		17	45	31		62		9	61		7	14	59	3		33	4		75	4		11	58	4		33	4		48	12		4	62	174	528	T	F	44	44
328	FB1	interview	-1	-1	-1							-1	-1	-1							-1	-1	-1							-1	-1	-1							-1	-1	F	F	F	F	F	F	F	F	F	-1	1																				5	15	39			89			80			13	23			23			54			9	24			18			41			26	50			14			49			8	28		415	F	F	43	43
329	FB3	interview	-1	-1	-1							-1	1	1			4		4		-1	-1	-1							-1	1	1			5		3		1																					1	F	T	F	1	1	F	F	F	T	F	35	24	52			13	36		40	5		15	53			53			13			13	58			27	4		67	5		8	27			14			7			3	61	26	569	T	F	44	44
331	FB1	interview	-1	-1	-1							-1	-1	-1							-1	-1	-1							-1	-1	-1							-1	1	T	F	F	F	F	F	F	F	F	1	2																				15	8	8			9			11			8	10			11			9			7	12			22			10			17	8			8			14			9	54	34	278	T	F	44	44
334	FB3	interview	-1	2	-1				3			2	2	1		1		6	3		2	1	1		6	3		3		2	1	1		3	3		6		2																					1	T	F	F	1	1	F	F	F	F	T	36	22	60		25	36	10		18	3		20	49			30		5	29			3	50		5	16		5	22	6		14	10		6	30	5		10	7		5	87	34	628	T	F	44	44
335	FB1	interview	-1	1	1			6		7		-1	-1	1					6		1	-1	-1	7						-1	-1	-1							2	1	F	F	F	T	F	F	F	F	F	2	2																				9	16	21			18			14			12	19			20	19		13	3		4	20			15			13	4		13	14	3		11			14			4	36	61	363	T	F	44	44
337	FB3	interview	-1	-1	1					5		-1	-1	-1							-1	1	-1			5				2	1	1		6	7		8		1																					1	F	F	T	4	1	F	F	F	T	F	6	12	20		1587	10	6		7	3		8	10			14			9	7		2	6			16			10			2	15			9	5		6			3	40	26	252	T	F	44	44
338	FB1	interview	-1	2	2				6		7	1	2	2	6			8		8	-1	2	-1				6			-1	-1	2						5	2	1	F	F	F	F	F	F	F	F	T	4	2																				34	23	28			70			21		50	17	34			6		22	27		17	11	12	8		21		5	39		9	13	33			20		13	14			8	59	479	522	T	F	44	44
339	FB3	interview	-1	-1	-1							2	-1	-1		2					-1	-1	-1							-1	-1	-1							1																					1	F	F	T	1	1	F	F	F	F	T	6	7	12			11			3			3	17			13			9			2	27		16	8			6			1	41			6			3			2	70	15	278	T	F	44	44
340	FB1	interview	2	2	-1		4		3			1	-1	2	3					2	2	2	-1		5		7			1	-1	2	5					4	1	3	F	F	F	T	T	T	F	F	F	1	1																				82	28	50	24		30			38		10	23	33		10	28		6	15			9	47	5		27			23		2	8	26		5	8		4	29			3	59	39	657	T	F	44	44
342	FB3	interview	2	2	-1		5		4			-1	1	1			6		6		-1	-1	-1							-1	-1	-1							1																					1	T	F	F	3	1	T	F	F	F	F	38	8	44			48			11			5	46		26	23		16	8			9	32			16	15		17	6		6	33			50			10			2	47	81	518	T	F	44	44
346	FB3	interview	-1	-1	-1							-1	-1	-1							-1	-1	-1							-1	-1	-1							2																					1	T	F	F	4	1	F	F	F	F	T	20	7	23			16			17			9	24			12			16			11	24			11			15			9	10			5			7			5	105	84	430	T	F	44	44
347	FB1	interview	-1	-1	-1							-1	1	1			4		6		2	1	1		3	3		5		1	1	-1	4		6				1	1	F	F	F	F	F	F	F	F	T	1	2																				4	9	15	21		11	5		12			4	15			23			6			2	17			6	4		6	4		2	17		3	15	2		7	4		2	26	27	269	T	F	44	44
348	FB2	interview	-1	1	1			5		5		2	1	1		3	3		3		2	2	-1		3		3			-1	1	1			5		6		-1													3	T	F	T	T	F	2	2												14	10	36			28	21		11	4		12	21			15	3		13	4		6	68		9	12	5		8	4		10	13		4	7		4	6			4	31	28	354	T	F	44	44
351	FB3	interview	-1	-1	-1							-1	-1	-1							-1	-1	-1							-1	1	1			3		3		1																					1	T	F	F	3	1	F	F	F	F	T	74	17	64			40	37		23	3		11	37			57			16			6	37			13			30			10	25			21			40			6	165	741	594	T	F	44	44
354	FB1	interview	2	2	2		7		6		4	-1	2	2				6		7	2	2	1		6		6	5		-1	2	1				5	5		1	1	F	F	F	F	F	F	F	F	T	2	2																				82	19	49			33		29	14	10		10	19		3	313		5	14		6	4	16			12		8	19		6	3	34		6	10		2	10	7		2	36	1314	492	T	F	44	44
355	FB1	interview	-1	-1	-1							-1	-1	-1							-1	-1	-1							1	-1	2	5					3	-1	1	T	F	F	F	F	F	F	F	F	3	2																				4	14	40	15		118			11		8	85	19			6			6			7	14			5			4			12	12			4			4			2	52	353	315	T	F	44	44
359	FB2	interview	-1	-1	-1							2	2	-1		4		3			-1	-1	-1							-1	-1	-1							1													2	F	F	T	T	F	4	2												39	30	39			44			40			17	18			13			13			8	22		23	46		9	29			9	9			6			10			8	45	108	537	T	F	44	44
361	FB2	interview	2	2	2		4		5		4	2	1	1		4	5		5		2	1	1		5	5		4		2	1	2		5	4			4	1													1	F	F	F	F	T	3	1												25	46	48		17	26	10		54		4	6	28		4	11		2	16		3	40	87		4	6	2		6	2		2	75		4	13	3		8	5		2	62	28	379	T	F	44	44
364	FB3	interview	-1	2	2				2		2	-1	1	1			6		6		2	2	-1		2		6			-1	-1	-1							2																					-1	F	F	F	4	1	F	F	F	F	T	3	6	14			13			3			3	239			15		12	16		7	8	6			4	10		6	4		3	8		2	6		4	7			2	106	24	302	T	F	44	44
366	FB2	interview	-1	2	-1				5			-1	1	1			5		4		2	-1	-1		4					1	1	1	4		6		4		1													1	F	F	F	T	F	-1	2												14	10	17	13		24	2		9	4		8	29			57		2	7			4	12			4	10		7	2		4	9		3	7			17			2	27	15	261	T	F	44	44
367	FB3	interview	-1	-1	-1							-1	-1	-1							-1	1	1			6		6		-1	-1	-1							1																					1	T	F	F	4	1	F	T	F	F	F	34	28	40			40			10			10	13			25			14			5	58			10			11			2	7			26	32		15	15		2	58	291	461	T	F	44	44
368	FB3	interview	-1	2	-1				5			2	2	-1		6		5			-1	1	1			6		6		1	-1	2	6					5	2																					1	F	T	F	-1	1	F	F	F	T	F	8	10	20	31		25			29		3	7	51			45		13	15			3	16		4	10		1	19			2	13			8	2		19	4		2	73	27	428	T	F	44	44
371	FB2	interview	-1	-1	-1							2	1	1		6	6		6		2	-1	-1		7					1	1	1	6		8		8		1													1	F	F	T	F	F	3	2												4	3	15	28		14	5		11	6		7	24			9			8			4	10		5	5	4		24	3		3	16		2	10			11			2	34	45	284	T	F	44	44
372	FB1	interview	-1	-1	1					3		2	2	-1		3		6			1	2	-1	7			8			-1	-1	-1							2	1	T	F	F	F	F	F	F	F	F	2	2																				4	4	18			12			9			3	11			4			4	5		1	7		3	6		3	4			2	12	2		8		2	6			1	26	27	181	T	F	44	44
375	FB2	interview	-1	-1	1					3		-1	-1	1					5		-1	-1	-1							-1	1	1			4		6		1													1	F	F	F	F	T	1	1												11	5	12			13	8		8	6		10	8			6			15	3		7	8			10			7	4		7	7			6			6			3	79	41	290	T	F	44	44
378	FB1	interview	2	2	1		8		6	8		1	1	-1	8		6				2	2	-1		6		8			-1	1	1			8		8		-1	2	F	F	F	T	F	F	F	T	F	3	2																				4	3	51			27	25		24	15		8	57		29	56		11	22	4		10	24	6		47	4		47			2	34		10	16		6	41			3	54	411	642	T	F	44	44
380	FB1	interview	-1	-1	-1							-1	-1	-1							-1	-1	-1							-1	1	-1			6				1	3	F	F	T	T	F	T	F	F	F	2	1																				12	25	45			34	32		43			13	25			38			20			7	38			21			15			13	14			10			32			3	113	66	542	T	F	44	44
381	FB2	interview	-1	-1	-1							2	-1	1		5			4		2	-1	1		5			5		-1	-1	2						3	1													2	T	T	F	F	F	1	2												62	19	76			43			33		60	10	345			28			33			3	85		8	80			90	6		10	60		2	39			18	5		3	81	65	615	T	F	44	44
382	FB1	interview	1	2	2	5			6		5	-1	-1	-1							2	2	-1		6		6			2	2	1		7		6	7		2	-1	F	F	F	F	F	F	F	F	F	4	1																				189	18	64		24	56		17	20	4		14	54	13		102		3	20		9	9	51			10			19			7	7		5	8		3	6			4	88	71	546	T	F	44	44
383	FB1	interview	-1	-1	-1							-1	-1	-1							-1	2	2				6		6	-1	1	1			5		5		1	-1	F	F	F	F	F	F	F	F	F	-1	2																				24	8	41			29	22		5	4		11	15			21			4			11	83			11			33			5	12			11		10	5		5	3	82	79	470	T	F	44	44
385	FB3	interview	2	2	1		6		4	5		-1	-1	-1							2	2	1		5		6	6		-1	1	-1			5				1																					1	F	F	T	1	1	F	F	F	T	F	5	5	33			6	20		8			4	18		4	14		3	9	4		2	29			6			6			1	22		2	6		6	7	3		2	42	17	284	T	F	44	44
389	FB2	interview	2	-1	-1		3					2	-1	1		4			3		2	-1	-1		3					-1	1	1			6		6		1													-1	F	F	F	F	F	2	2												15	14	24			17	18		10	11		6	32		18	18			17			6	22		5	12			12	3		3	12		7	10			14			2	58	37	403	T	F	44	44
390	FB3	interview	-1	2	1				3	3		2	2	-1		6		6			1	2	2	3			5		5	-1	-1	-1							1																					1	T	F	F	1	1	F	F	F	F	T	6	13	19			35			10			4	36			15		18	20	3		3	11		3	8		3	11			1	40	4		6		3	8		4	2	83	27	385	T	F	44	44
393	FB1	interview	1	-1	2	4					4	2	2	1		5		4	5		2	2	-1		6		6			2	1	1		3	6		6		1	1	T	F	F	F	F	F	F	F	F	4	2																				56	12	23		25	17	8		12	3		9	44	4		20			27		2	8	12		3	25		8	13	3		7	25		5	13		3	87			4	26	323	435	T	F	44	44
394	FB2	interview	2	-1	1		6			6		-1	-1	-1							2	-1	-1		3					1	1	-1	6		6				2													1	F	T	F	F	F	2	3												5	8	14	12		14	4		10			4	18		4	9			8	2		7	7			8			5			2	11		2	11			14			2	35	20	224	T	F	44	44
398	FB3	interview	2	2	-1		8		8			2	1	1		2	5		3		2	2	2		3		6		5	2	2	1		6		3	6		2																					1	F	T	F	4	1	F	F	F	T	F	16	14	12		25	28		7	9	8		12	21		16	24		5	16			10	27		6	23	5		13	4		12	22		3	11		6	7		4	3	37	63	433	T	F	44	44
399	FB2	interview	-1	-1	-1							2	-1	1		6			6		2	2	-1		6		6			1	1	-1	6		3				1													1	T	F	F	F	F	2	2												33	15	41	26		56	5		26			21	15			12			8			24	14		23	19			12	6		49	12		5	10		10	12			4	70	50	491	T	F	44	44
400	FB2	interview	2	-1	1		8			8		1	-1	1	4				6		2	-1	-1		6					2	1	1		3	8		8		1													1	T	F	F	F	F	2	1												4	2	25		23	16	8		9	2		9	6		5	26			21	3		3	8	8		8			11	2		2	8		3	10			12			2	27	17	249	T	F	44	44
401	FB1	interview	1	1	2	5		5			5	2	1	-1		6	6				1	1	1	7		6		5		1	1	1	5		6		6		1	1	F	F	F	F	F	F	F	F	T	2	3																				21	5	32	19		24	9		10	4		6	27	12		11	4		5		4	5	7		2	16	3		101			20	5	2		10	14		47	16		3	63	89	486	T	F	44	44
402	FB1	interview	-1	-1	1					3		-1	-1	-1							2	2	2		3		6		4	-1	1	2			6			4	1	1	T	F	F	F	F	F	F	F	F	4	2																				14	10	35			24	11		17		12	12	35			19			13	24		7	19			11			13			9	6		4	6		6	8		7	3	25	29	359	T	F	44	44
403	FB3	interview	-1	1	1			2		4		2	2	1		5		4	4		2	2	1		6		3	6		1	1	1	4		6		6		1																					1	T	F	F	1	-1	F	F	F	F	F	278	20	39	22148		17	7		8	4		5	14			13	10		8	3		2	12		3	21		2	7	2		3	4		3	6		3	4	2		2	52	21	296	T	F	44	44
404	FB1	interview	2	2	1		8		6	6		1	2	2	4			4		4	2	1	1		8	6		6		1	1	2	6		6			6	2	1	F	F	F	F	F	T	F	F	F	4	2																				84	7	31	20		27	4		10		5	10	18		7	27		3	13	3		5	15	9		13		3	14		2	3	13		4	9	4		5	3		2	24	1385	435	T	F	44	44
405	FB1	interview	2	2	1		5		6	4		2	2	2		6		7		7	1	2	2	7			6		6	-1	-1	2						6	2	1	F	F	F	T	F	F	F	F	F	4	3																				15	15	94			20			12		39	20	37		17	14		10	15	5		3	22		7	8		4	6		4	2	9	2		7		2	7		3	7	49	37	459	T	F	44	44
