"CASE"	"SERIAL"	"REF"	"QUESTNNR"	"MODE"	"STARTED"	"AU01"	"AU02"	"AU03"	"RU01_01"	"RU02_01"	"RU03_01"	"RU04_01"	"RU05_01"	"RU06_01"	"AS01"	"AS02"	"AS03"	"RS01_01"	"RS02_01"	"RS03_01"	"RS04_01"	"RS05_01"	"RS06_01"	"AW01"	"AW02"	"AW03"	"RW01_01"	"RW02_01"	"RW03_01"	"RW04_01"	"RW05_01"	"RW06_01"	"AK01"	"AK02"	"AK03"	"RK01_01"	"RK02_01"	"RK03_01"	"RK04_01"	"RK05_01"	"RK06_01"	"KD01"	"KD02"	"KD02_01"	"KD02_02"	"KD02_03"	"KD02_04"	"KD02_05"	"KD02_06"	"KD02_07"	"KD02_08"	"KD02_09"	"KD02_09a"	"KD03"	"KD08"	"EM02"	"FK01_01"	"TIME001"	"TIME002"	"TIME003"	"TIME004"	"TIME005"	"TIME006"	"TIME007"	"TIME008"	"TIME009"	"TIME010"	"TIME011"	"TIME012"	"TIME013"	"TIME014"	"TIME015"	"TIME016"	"TIME017"	"TIME018"	"TIME019"	"TIME020"	"TIME021"	"TIME022"	"TIME023"	"TIME024"	"TIME025"	"TIME026"	"TIME027"	"TIME028"	"TIME029"	"TIME030"	"TIME031"	"TIME032"	"TIME033"	"TIME034"	"TIME035"	"TIME036"	"TIME037"	"TIME038"	"TIME039"	"TIME040"	"TIME041"	"TIME042"	"TIME043"	"TIME044"	"TIME_SUM"	"MAILSENT"	"LASTDATA"	"FINISHED"	"Q_VIEWER"	"LASTPAGE"	"MAXPAGE"	"MISSING"	"MISSREL"	"TIME_RSI"	"DEG_TIME"
147			"FB1"	"interview"	2022-02-14 10:16:11	-1	-1	-1							-1	1	-1			2				-1	-1	-1							1	1	1	3		6		3		1	1	F	F	F	F	F	F	F	F	T	"Bildung"	1	1	-1		96	19	31	19		32	13		21	10		14	17			8			8			9	16			17	6		16			3	26			15			6			2	40	34	478		2022-02-14 10:24:09	T	F	44	44	4	1	1.03	10
151			"FB1"	"interview"	2022-02-14 10:48:24	1	-1	2	3					3	-1	-1	-1							2	2	1		3		4	2		-1	-1	1					4		2	4	F	F	T	T	T	T	F	F	F		1	1	1	"Die Befragung soll nur eine Abwägung von Wichtigkeiten der Aspekten der urbanen Landwirtschaft darstellen; Das ist ggf. etwas abstrakt. Die Frage ist wofür diese Ergebnisse hilfreich sein könnten? Das wird nicht ganz klar.

 Konkrete Beispiele oder genauere Aspekte zu Vor- und Nachteilen wären spannend. 

Ob man schon Projekte dazu in der Stadt hat oder ob man Möglichkeiten der urbanen Landwirtschaft nennen kann oder kennt wären vielleicht interessanter?"	8029	18	69			22			11	26		8	44	9		20			26		21	30	22			13			4			3	11		4	6		3	13	3		3	46	176	564		2022-02-14 13:12:24	T	F	44	44	0	0	0.96	11
153			"FB1"	"interview"	2022-02-14 10:51:46	2	1	1		1	5		4		1	-1	1	2				2		1	-1	-1	3						1	1	1	7		5		3		-1	3	F	F	F	T	T	T	F	F	F		2	1	-1		6	2	12	55		131	10		29	3		2	242		13	112	3		12	2		2	9	2		5			7	2		2	43	4		4			7			2	60	34	366		2022-02-14 11:05:23	T	F	44	44	4	1	1.62	49
154			"FB1"	"interview"	2022-02-14 10:51:56	-1	-1	-1							-1	-1	-1							1	-1	2	5					5	-1	-1	-1							2	1	T	F	F	F	F	F	F	F	F		3	2	-1		5	7	58			6			13			9	30			6			18			9	59			4			5			2	46	7		8			42		4	3	31	16	388		2022-02-14 10:58:24	T	F	44	44	5	1	1.49	37
156			"FB1"	"interview"	2022-02-14 10:53:37	-1	-1	-1							-1	-1	-1							1	-1	-1	3						-1	-1	-1							1	1	F	F	T	F	F	F	F	F	F		-1	1	1		115	27	47			31			13			11	74			29			22			10	40			13			13			10	85	44		51			26			4	46	41	454		2022-02-14 11:06:09	T	F	44	44	5	1	0.62	1
157			"FB1"	"interview"	2022-02-14 10:58:18	1	-1	2	5					5	2	-1	1		5			6		-1	-1	-1							-1	1	-1			5				2	1	T	F	F	F	F	F	F	F	F		4	1	1		3072	16	25			16	15		13			8	6	5		9			11		4	8	13		3	6			10	3		7	7			8			12			3	23	39	285		2022-02-14 11:54:01	T	F	44	44	4	1	1.34	22
160			"FB1"	"interview"	2022-02-14 11:18:45	-1	-1	-1							1	-1	2	4					4	2	2	1		6		6	4		-1	1	1			5		5		1	1	F	F	F	T	F	F	F	F	F		2	2	1		8	17	33			19	24		15	11		12	29			74			14			9	36	12		19			21		4	7	23		3	20		6	21	5		2	54	44	488		2022-02-14 11:27:49	T	F	44	44	4	1	0.84	5
165			"FB1"	"interview"	2022-02-14 11:37:48	2	2	-1		5		6			1	-1	2	5					5	1	-1	2	6					5	-1	1	1			6		6		2	1	F	F	T	F	F	F	F	F	F		4	2	-1		25	23	59			24	16		13	8		8	19		10	24		8	16			6	14	4		23			10		10	6	20	4		24			7		9	3	27	24	444		2022-02-14 11:45:13	T	F	44	44	4	1	0.95	6
168			"FB1"	"interview"	2022-02-14 12:01:44	-1	1	1			4		3		2	1	1		6	4		5		2	1	1		5	6		6		-1	1	1			6		3		1	1	F	F	F	F	T	F	F	F	F		4	1	-1		5	2	54			24	24		11	5		8	17			12	14		11	3		3	16		5	7	6		7	4		3	7		13	7	5		9	4		3	41	12	334		2022-02-14 12:07:26	T	F	44	44	4	1	1.37	31
169			"FB1"	"interview"	2022-02-14 12:02:12	-1	-1	-1							-1	-1	-1							-1	-1	-1							-1	-1	-1							-1	-1	F	F	F	F	F	F	F	F	F		-1	1	-1		27	12	3422			19			23			8	27			13			33			1	36			16			31			1	22			45			9			6	75	998	444		2022-02-14 13:22:36	F	F	42	44	6	1	0.93	28
178			"FB1"	"interview"	2022-02-14 13:18:25	-1	-1	-1							-1	-1	1					5		-1	-1	-1							1	1	2	6		6			5	1	-1	F	F	F	F	F	F	F	F	F		4	1	-1		24	18	27	13		32	8		31		12	11	21			31			14			9	16			10			41	12		10	25			12			13			3	34	19	438		2022-02-14 13:25:51	T	F	44	44	5	1	0.93	7
180			"FB1"	"interview"	2022-02-14 14:18:01	-1	-1	-1							-1	-1	-1							-1	-1	-1							-1	-1	-1							2	1	F	F	T	F	F	F	F	F	F		4	1	1		20	20	56			27			18			11	21			19			12			9	15			10			12			6	12			12			9			4	47	60	400		2022-02-14 14:24:41	T	F	44	44	6	1	0.95	4
182			"FB1"	"interview"	2022-02-14 14:34:30	2	2	2		3		2		2	2	-1	-1		3					2	1	1		3	3		3		-1	1	-1			6				2	1	F	F	F	T	F	F	F	F	F		-1	3	1		15	22	38			28	32		28			12	25		4	28		6	45		5	10	26		2	24			45			6	25		10	71	3		16	4		5	72	70	581		2022-02-14 14:45:47	T	F	44	44	4	1	0.79	4
203			"FB1"	"interview"	2022-02-15 07:25:54	-1	-1	-1							1	1	1	3		3		6		2	2	-1		7		6			1	-1	-1	7						1	1	T	F	F	F	F	F	F	F	F		4	2	1		7	13	32	28		16			9			9	12			17			5			6	21	7		15	9		24	6		6	7		3	15		5	8			1	24	44	349		2022-02-15 07:31:45	T	F	44	44	4	1	1.29	20
204			"FB1"	"interview"	2022-02-15 08:28:40	1	-1	2	5					5	1	1	2	6		6			4	2	2	-1		7		6			-1	2	-1				3			2	1	F	F	T	F	F	F	F	F	F		4	3	1	"Aus meiner Sicht sollten die Themen Ernährung und nachhaltige Landwirtschaft immer auf eine etwas größere Region bezogen werden, als die eigentliche Stadt. 
Für Dresden wären aus meiner Sicht auch die benachbarten Landkreise sehr interessant. 

Es ist schön, wenn Landwirtschaft auch einen Mitmach- und Erlebnisfaktor bietet, für diejenigen, die Zeit haben und denen das Thema das zentralste aller Anliegen ist. Aus meiner Sich bildet das aber nicht das aktuelle Leben der Menschen, insbesondere der Familien und erst recht nicht der Landwirte ab.     

Um so ökologischer die Landwirte arbeiten, um sehr mehr Zeitaufwand ist nötig für vergleichbare Ergebnisse. 
Da sowohl Produzenten als auch Konsumenten unter starkem Zeitdruck stehen und eine hohe organisatorische Leistung erbringen, 
um zusammen zu kommen sollte die Bildungsarbeit zu dem Thema nicht auch noch auf dem Landwirt lasten. 

Hier sollten sich sowohl die Kommunen als auch die Interessenvertreter der Landwirte beteiligen und mit den örtlichen Initiativen zusammenarbeiten."	6	5	25			58		21	55			8	27	10		59			14		3	5	33	4		21	4		24		5	2	24		5	22		2	24			4	30	3270	442		2022-02-15 09:31:30	T	F	44	44	0	0	1.03	13
206			"FB1"	"interview"	2022-02-15 08:35:16	-1	-1	-1							-1	1	1			6		6		-1	-1	-1							1	1	-1	6		6				2	1	F	F	F	T	F	F	F	F	F		4	2	-1		30	28	26	36		30	5		28			12	22			25			41			13	31			33	12		110	5		12	17			12			20			6	41	21	512		2022-02-15 08:45:33	T	F	44	44	5	1	0.78	6
210			"FB1"	"interview"	2022-02-15 10:52:10	2	2	-1		6		5			-1	-1	-1							2	-1	1		6			5		1	-1	2	6					6	2	1	F	F	F	F	F	F	F	F	T	"Gewässer"	4	2	1		6	12	34	16		87			14		4	11	17		15	11		14	17			9	145			14			15			5	18		19	21			28	5		3	49	20	408		2022-02-15 11:02:19	T	F	44	44	4	1	1.01	11
221			"FB1"	"interview"	2022-02-15 14:57:35	-1	1	1			6		6		-1	1	1			7		7		-1	-1	-1							-1	1	1			7		7		1	1	F	F	T	F	F	F	F	F	F		4	3	1		5	13	24			22	25		15	4		11	20			15	7		21	5		9	35			27	3		24	3		12	27			13			25			3	31	63	462		2022-02-15 15:05:20	T	F	44	44	4	1	0.96	8
222			"FB1"	"interview"	2022-02-15 16:05:43	1	1	1	4		6		3		2	-1	1		5			5		2	-1	-1		4					-1	-1	-1							2	1	F	F	T	F	F	F	F	F	F		4	2	1	"Hallo Martina,

herzliche Grüße aus München!

Matthias Lampert"	6	12	20			48			6			1584	40	28		13	9		23	2		10	21		11	5			10	11		9	7		12	5			7			3	28	64	378		2022-02-15 16:38:57	T	F	44	44	0	0	1.17	21
224			"FB1"	"interview"	2022-02-15 17:33:57	2	2	-1		6		6			2	2	2		5		6		6	2	2	2		6		6		6	-1	-1	1					6		2	2	T	F	T	F	F	F	F	F	F		4	2	1	"außerhalb meiner Tätigkeit als Grünplaner bin ich privat engagiert im Aufbau einer einer neuen Solawi in Aachen
1. Diese Solawi wird als Verein und nicht in Einzelunternehmerschaft geführt 
2. Sozialer Aspekt: Der Jahresetat wird nicht durch feste Mitgliedsbeiträge pro Erntanteil, sondern durch ""Bieterunden"" gesichert."	22	3	32			57			57	14		18	30		16	21		4	17			13	37		6	27		6	31		3	5	21		4	11		3	25		8	3	48	657	536		2022-02-15 17:53:57	T	F	44	44	0	0	0.82	9
226			"FB1"	"interview"	2022-02-16 10:59:22	-1	-1	-1							2	1	1		2	2		3		2	-1	2		3				2	1	2	2	2			5		3	2	1	F	F	F	F	F	F	F	T	F		4	2	-1	"Urbane Landwirtschaft klingt natürlich sehr reizvoll. Wir erleben allerdings eine sich weiter verschärfende Flächenkonkurrenz insbesondere in den Handlungsfeldern Wohnen, Bildung, Gewerbe und Mobilität. Da bleibt unterm Strich für eine halbwegs leistungsfähige urbane Landwirtschaft nicht mehr viel übrig. Deshalb kommt in meinen Augen dem Vertrieb regional produzierter landwirtschaftlicher Produkte eine Schlüsselfunktion zu. 

Dresden braucht ein Marktkonzept, das frische, einwandfreie, regional erzeugte Produkte in den Fokus rückt und dafür die notwendigen Rahmenbedingungen schafft. Dazu gehört nach meinem Verständnis ein großer Wochenmarkt am Sonnabend in zentraler Lage, am besten auf dem Altmarkt oder in der Friedrichstädter Großmarkthalle (Vision 2030?). Der Sachsenmarkt in der Lingnerallee ist leider nur für Rentnerinnen und Rentner attraktiv. Wenn ich Freitagabend dorthin komme, ist es oft nur noch zum Weinen - die schönsten Waren sind dann längst ausverkauft. 

Ich beneide meine französischen Freunde für ihre lebendigen Märkte am Wochenende. Es ist mir bei jedem Besuch eine Wonne und ein Genuss, über die Märkte zu flanieren. Savoir vivre. Auch in Italien gehört ein anständiger Wochenendmarkt zur Kultur. La dolce vita. Warum sollte Dresden das nicht auch schaffen? Hierin steckt großes Potenzial!"	3	10	29409	31		66		27	58		5	6	22			24			8			24	110		2	46	2		22	8		5	27		9	25			27		3	2	27	1119	463		2022-02-16 19:38:12	T	F	44	44	0	0	0.93	17
227			"FB1"	"interview"	2022-02-16 11:16:22	2	1	-1		3	3				-1	1	-1			6				2	2	2		4		6		6	2	1	1		3	3		6		1	1	F	F	F	F	F	F	T	F	F		4	2	-1		28	8	20		24	38	4		16	3		7	19		2	11	2		17			2	28			22	4		18			2	12		5	8		2	8		3	3	24	21	337		2022-02-16 11:22:23	T	F	44	44	4	1	1.49	34
228			"FB1"	"interview"	2022-02-16 11:49:17	-1	2	-1				4			2	1	1		4	5		4		-1	1	2			3			3	-1	-1	2						1	2	1	F	F	F	F	F	F	F	T	F		1	1	-1		6966	13	34			31			38		22	9	34			24		6	13			2	52		5	17	4		20	7		3	39			24	3		8		3	3	30	24	483		2022-02-16 13:53:13	T	F	44	44	4	1	0.93	8
236			"FB1"	"interview"	2022-02-17 08:54:42	1	2	2	5			5		5	1	1	1	2		2		3		2	1	1		5	3		3		1	2	2	3			3		3	2	1	F	F	F	F	F	F	F	F	T	"Bildung - wiss. Mitarbeiter FB Agrarwirtschaft - Arbeitsgruppe urbane Landwirtschaft"	3	3	1		43	159	12	18		19		4	7		3	14	21	6		5		3	3		3	2	10	2		6	3		7	3		2	7		3	5	2		4	4		2	48	33	313		2022-02-17 09:02:25	T	F	44	44	3	1	1.78	48
239			"FB1"	"interview"	2022-02-17 08:56:10	-1	-1	-1							-1	-1	-1							-1	-1	-1							-1	1	-1			6				1	1	F	F	F	F	F	T	F	F	F		3	1	1		48	2	16			13	6		20			9	11			10			9			4	9			10			5			2	7			6			5			2	31	37	262		2022-02-17 09:00:32	T	F	44	44	5	1	1.79	50
241			"FB1"	"interview"	2022-02-17 09:00:21	2	2	-1		1		2			-1	-1	-1							1	2	2	1			4		2	-1	-1	-1							1	3	F	F	F	F	T	T	F	F	T	"Umweltbildung"	2	2	1		540	26	38			47			17			6	160		16	20		21	11			2	36			18			20			4	30	5		17		12	42		6	2	32	55	497		2022-02-17 09:20:04	T	F	44	44	4	1	0.82	8
256			"FB1"	"interview"	2022-02-17 10:37:41	2	2	1		6		3	6		2	1	1		6	6		6		2	1	1		4	4		4		-1	1	1			4		6		1	1	F	F	T	F	F	F	F	F	F		2	2	1		14	3	14			25	18		5	4		7	18		4	24		6	4	2		3	7		3	9	1		5	1		4	10		5	5	3		5	2		3	21	24	259		2022-02-17 10:42:00	T	F	44	44	3	1	1.82	48
258			"FB1"	"interview"	2022-02-17 10:52:25	-1	-1	1					8		-1	1	1			7		7		1	2	2	4			4		4	2	1	1		6	6		8		1	1	F	F	F	F	F	T	F	F	F		2	3	1	"Für Freiburg mit der Nähe zum Land und den vielen Möglichkeiten kleinteiliger Landwirtschaft erachte ich es für nicht wichtig Lebensmittel in der Stadt zu produzieren. Vielmehr sollten wir wieder Strukturen etablieren die kleinteilige Landwirtschaft wirtschaftlich machen. ZB Ausbildung, Verarbeitung, Bündelung, Handel etc.
Essbare Stadt lenkt leider etwas ab vom eigentlichen Problem."	6	10	29		28	29	6		10	3		8	14			9			9	7		3	16			7	2		7	3		3	23	4		10		2	6		3	3	22	133	387		2022-02-17 10:59:20	T	F	44	44	0	0	1.45	25
263			"FB1"	"interview"	2022-02-17 11:11:04	1	-1	2	3					3	1	2	2	6			5		6	2	2	2		4		4		4	-1	2	-1				3			1	-1	F	F	F	F	F	F	F	F	F		-1	1	-1		65	15	46			27		19	22			22	31	3		32			23		3	7	15	3		18		4	14		5	11	22		6	19		3	27		2	3	30	11	472		2022-02-17 11:19:33	T	F	44	44	4	1	1.04	13
270			"FB1"	"interview"	2022-02-17 11:39:26	-1	-1	-1							-1	-1	-1							-1	-1	-1							-1	-1	-1							-1	1	T	F	F	F	F	F	F	F	F		-1	2			5	2354	3352			5			2			6	63			2			2			2	2			3			2			2	4			7			2			4	36		155		2022-02-17 13:17:01	F	F	43	43	0	0	2.14	154
271			"FB1"	"interview"	2022-02-17 11:40:36	2	-1	1		6			6		2	2	-1		6		6			-1	-1	-1							-1	1	1			6		6		1	1	F	F	F	T	F	F	F	F	F		4	2	1		30	21	34			19	27		24	4		17	51		4	20			28	11		3	17		7	14		9	22			5	18			7			10			3	35	27	458		2022-02-17 11:48:23	T	F	44	44	4	1	0.99	9
280			"FB1"	"interview"	2022-02-17 12:53:23	1	1	1	1		4		4		1	-1	2	3					6	1	2	-1	6			6			-1	1	1			5		5		-1	1	F	F	F	T	F	F	F	F	F		4	2	1		12	18	16			14	13		16	7		9	21	13		21	7		7	7		7	12	15		19			13		12	2	19	6		19		10	7			5	40	52	419		2022-02-17 13:00:22	T	F	44	44	4	1	1.01	10
295			"FB1"	"interview"	2022-02-17 14:22:46	2	2	2		5		6		3	-1	-1	-1							-1	1	1			6		6		-1	-1	-1							2	2	T	F	T	F	F	F	F	F	F		4	3	1		4	3	52			62			50			14	46		40	42		6	24		4	14	19			5			4			269	22			6	4		8	2		4	90	145	559		2022-02-17 14:38:25	T	F	44	44	4	1	1.08	24
298			"FB1"	"interview"	2022-02-17 15:54:55	1	1	-1	5		5				1	-1	2	6					6	-1	1	1			6		3		-1	-1	-1							1	1	F	F	F	F	F	F	F	F	T	"Bodenschutz"	4	2	1		46	25	31			35			20			6	30	41		76	6		46			4	10	9		9			17		5	3	20			9	2		12	4		3	40	29	418		2022-02-17 16:03:54	T	F	44	44	4	1	0.98	8
300			"FB1"	"interview"	2022-02-17 16:43:24	-1	-1	1					6		-1	-1	1					4		-1	1	-1			6				-1	-1	-1							1	2	T	F	F	F	F	F	F	T	F		4	1	1		86	13	13			8			13			3	10			5			6	13		3	6			4			6	5		3	7			13	9		6			1	36	27	281		2022-02-17 16:48:21	T	F	44	44	5	1	1.86	52
308			"FB1"	"interview"	2022-02-18 09:24:52	1	1	1	6		6		5		2	1	1		6	5		6		2	2	1		7		5	6		2	2	2		5		5		5	2	1	F	F	F	F	F	F	F	F	T	"nicht Stadtverwaltung; aber Hochschule "	3	3	1		6	4	15		18	7		3	6		2	8	9	9		8	2		3	2		2	5		3	7	2		3	3		1	4		2	6		2	6	1		3	37	14	182		2022-02-18 09:28:15	T	F	44	44	3	1	2.27	84
309			"FB1"	"interview"	2022-02-18 09:57:39	-1	1	1			3		4		-1	1	1			5		3		-1	-1	-1							-1	-1	2						3	1	3	F	F	T	T	T	F	F	F	F		1	2	1		5	88	34			22			18		15	4	15			9	2		6	3		2	19			7	3		14	6		2	11			8			13			2	21	26	280		2022-02-18 10:03:34	T	F	44	44	4	1	1.57	34
328			"FB1"	"interview"	2022-02-21 12:39:39	-1	-1	-1							-1	-1	-1							-1	-1	-1							-1	-1	-1							-1	-1	F	F	F	F	F	F	F	F	F		-1	1			5	15	39			89			80			13	23			23			54			9	24			18			41			26	50			14			49			8	28		415		2022-02-21 12:49:47	F	F	43	43	0	0	0.73	6
331			"FB1"	"interview"	2022-02-21 13:47:05	-1	-1	-1							-1	-1	-1							-1	-1	-1							-1	-1	-1							-1	1	T	F	F	F	F	F	F	F	F		1	2	-1		15	8	8			9			11			8	10			11			9			7	12			22			10			17	8			8			14			9	54	34	278		2022-02-21 13:51:49	T	F	44	44	6	1	1.4	29
335			"FB1"	"interview"	2022-02-22 07:22:20	-1	1	1			6		7		-1	-1	1					6		1	-1	-1	7						-1	-1	-1							2	1	F	F	F	T	F	F	F	F	F		2	2	1		9	16	21			18			14			12	19			20	19		13	3		4	20			15			13	4		13	14	3		11			14			4	36	61	363		2022-02-22 07:28:36	T	F	44	44	5	1	1.04	8
338			"FB1"	"interview"	2022-02-22 11:25:33	-1	2	2				6		7	1	2	2	6			8		8	-1	2	-1				6			-1	-1	2						5	2	1	F	F	F	F	F	F	F	F	T	"Solawi"	4	2	1	"für mich ist absolute Priorität, die souveränität über die Lebensmittelerzeugung und deren Herstellung zu erreichen. Dazu gehören: Land/Fläche/Ort für Anbau, Kreislaufwirtschaft, lokale/regionale Produktion, eigenes, regional angepasstes Saatgut, Tausch, Austausch, folglich Gemeinschaft, eigene Resourccen, dadurch entsteht Gemeinschaft, Gemeinwohl und Bewustsein."	34	23	28			70			21		50	17	34			6		22	27		17	11	12	8		21		5	39		9	13	33			20		13	14			8	59	479	522		2022-02-22 11:43:47	T	F	44	44	0	0	0.64	6
340			"FB1"	"interview"	2022-02-25 10:42:23	2	2	-1		4		3			1	-1	2	3					2	2	2	-1		5		7			1	-1	2	5					4	1	3	F	F	F	T	T	T	F	F	F		1	1	1		82	28	50	24		30			38		10	23	33		10	28		6	15			9	47	5		27			23		2	8	26		5	8		4	29			3	59	39	657		2022-02-25 10:53:34	T	F	44	44	4	1	0.8	4
347			"FB1"	"interview"	2022-03-03 11:39:43	-1	-1	-1							-1	1	1			4		6		2	1	1		3	3		5		1	1	-1	4		6				1	1	F	F	F	F	F	F	F	F	T	"Klimaanpassung"	1	2	1		4	9	15	21		11	5		12			4	15			23			6			2	17			6	4		6	4		2	17		3	15	2		7	4		2	26	27	269		2022-03-03 11:44:13	T	F	44	44	4	1	1.69	38
354			"FB1"	"interview"	2022-03-07 09:05:38	2	2	2		7		6		4	-1	2	2				6		7	2	2	1		6		6	5		-1	2	1				5	5		1	1	F	F	F	F	F	F	F	F	T	"Stadtentwicklung"	2	2	1		82	19	49			33		29	14	10		10	19		3	313		5	14		6	4	16			12		8	19		6	3	34		6	10		2	10	7		2	36	1314	492		2022-03-07 09:40:34	T	F	44	44	3	1	0.97	11
355			"FB1"	"interview"	2022-03-07 09:07:47	-1	-1	-1							-1	-1	-1							-1	-1	-1							1	-1	2	5					3	-1	1	T	F	F	F	F	F	F	F	F		3	2	-1		4	14	40	15		118			11		8	85	19			6			6			7	14			5			4			12	12			4			4			2	52	353	315		2022-03-07 09:21:03	T	F	44	44	5	1	1.5	37
372			"FB1"	"interview"	2022-03-07 13:15:41	-1	-1	1					3		2	2	-1		3		6			1	2	-1	7			8			-1	-1	-1							2	1	T	F	F	F	F	F	F	F	F		2	2	1		4	4	18			12			9			3	11			4			4	5		1	7		3	6		3	4			2	12	2		8		2	6			1	26	27	181		2022-03-07 13:18:45	T	F	44	44	4	1	2.16	75
378			"FB1"	"interview"	2022-03-07 16:15:30	2	2	1		8		6	8		1	1	-1	8		6				2	2	-1		6		8			-1	1	1			8		8		-1	2	F	F	F	T	F	F	F	T	F		3	2	-1	"Ich bin bei einer Solidarischen Landwirtschaft (biologischer Anbau) Mitglied, in der die Nahrungsmittelanteile für Einzelpersonen nicht angepasst werden können. Darüber hinaus erscheinen die Gemüse-Anteile zu teuer. U.U. ändert sich das, wenn die konventionelle Lebensmittelteuerung noch weiter ansteigt."	4	3	51			27	25		24	15		8	57		29	56		11	22	4		10	24	6		47	4		47			2	34		10	16		6	41			3	54	411	642		2022-03-07 16:33:03	T	F	44	44	0	0	0.83	13
380			"FB1"	"interview"	2022-03-07 17:16:56	-1	-1	-1							-1	-1	-1							-1	-1	-1							-1	1	-1			6				1	3	F	F	T	T	F	T	F	F	F		2	1	1		12	25	45			34	32		43			13	25			38			20			7	38			21			15			13	14			10			32			3	113	66	542		2022-03-07 17:27:15	T	F	44	44	5	1	0.71	1
382			"FB1"	"interview"	2022-03-08 08:44:55	1	2	2	5			6		5	-1	-1	-1							2	2	-1		6		6			2	2	1		7		6	7		2	-1	F	F	F	F	F	F	F	F	F		4	1	1		189	18	64		24	56		17	20	4		14	54	13		102		3	20		9	9	51			10			19			7	7		5	8		3	6			4	88	71	546		2022-03-08 08:59:50	T	F	44	44	4	1	0.84	7
383			"FB1"	"interview"	2022-03-08 09:53:55	-1	-1	-1							-1	-1	-1							-1	2	2				6		6	-1	1	1			5		5		1	-1	F	F	F	F	F	F	F	F	F		-1	2	1		24	8	41			29	22		5	4		11	15			21			4			11	83			11			33			5	12			11		10	5		5	3	82	79	470		2022-03-08 10:02:49	T	F	44	44	5	1	1.07	16
393			"FB1"	"interview"	2022-03-09 16:23:38	1	-1	2	4					4	2	2	1		5		4	5		2	2	-1		6		6			2	1	1		3	6		6		1	1	T	F	F	F	F	F	F	F	F		4	2	-1	"München kämpft vor allem mit hohen Bodenpreisen, Flächenknappheit und Flächenkonkurrenzen vieler Bedarfe um die wenigen Bodenressourcen. Wir nversuchen im Rahmen des Flächenmanagement nun vor allem Mehrfach- und Hybridnutzungen zu etablieren sowie Synergieeffekte zu heben. Ich denke, das läge auch die Stärke urbaner Landwirtschaft - Anbau von Lebensmitteln nicht auf der ""grünen Wiese"" sondern unter innovativen Bedingungen in Zusammenarbeit mit anderen Nutzungen und Etablierung unkonventioneller Partnerschaften, wo man Landwirtschaft nicht vermuten würde, z. B. bei technischen Infrastruktureinrichtungen, bei Ver- und Entsorgungsbetrieben, auf Dächern ... "	56	12	23		25	17	8		12	3		9	44	4		20			27		2	8	12		3	25		8	13	3		7	25		5	13		3	87			4	26	323	435		2022-03-09 16:37:25	T	F	44	44	0	0	1.03	11
401			"FB1"	"interview"	2022-03-14 07:45:25	1	1	2	5		5			5	2	1	-1		6	6				1	1	1	7		6		5		1	1	1	5		6		6		1	1	F	F	F	F	F	F	F	F	T	"Lebensmittelüberwachung"	2	3	-1		21	5	32	19		24	9		10	4		6	27	12		11	4		5		4	5	7		2	16	3		101			20	5	2		10	14		47	16		3	63	89	486		2022-03-14 07:55:21	T	F	44	44	3	1	1.21	21
402			"FB1"	"interview"	2022-03-14 11:37:44	-1	-1	1					3		-1	-1	-1							2	2	2		3		6		4	-1	1	2			6			4	1	1	T	F	F	F	F	F	F	F	F		4	2	-1		14	10	35			24	11		17		12	12	35			19			13	24		7	19			11			13			9	6		4	6		6	8		7	3	25	29	359		2022-03-14 11:44:03	T	F	44	44	4	1	1.08	10
404			"FB1"	"interview"	2022-03-14 16:55:44	2	2	1		8		6	6		1	2	2	4			4		4	2	1	1		8	6		6		1	1	2	6		6			6	2	1	F	F	F	F	F	T	F	F	F		4	2	-1	"Landwirtschaft-Betreiben in Großstadtnähe ist sehr schwierig - weil viele Städter die (privaten) Flächen nicht achten und für ihre privatnützigen Interessen nutzen, wie Drachensteigen, Querfeldein-Radeln oder-Laufen, Quad-Fahren, Drohen- oder Modellbau-Flüge starten, Picknick veranstalten, Lagerfeuer/Grillen, Silvesterfeuerwerke, Hundeauslauf nebst Exkrementen usw. Randflächen zur Besiedelung sind dadurch übernutzt. Ein Landwirtschaftsbetrieb hat dadurch Verluste/Einbußen. Feldfrüchte werden dann noch geerntet (Maiskolben, Kartoffeln, Sonnenblumen usw.).

Ggf. können zwischen Randflächen zur Besiedelung und Landwirtschaftsflächen deutliche Raine/Gehölzstreifen angelegt werden, die eine wirksame Abschirmung darstellen können.

Bauordnungsrechtliche aufgegebene Nutzungen im Außenbereich sollten konsequent zurückgebaut werden (hier ist die Absicht der sächsischen Landesregierung zu kritisieren, die bisher übliche 7-Jahres-Frist für entfallene Nutzungen mit einer geplanten Novelle gänzlich aufzuheben!) - und zwar so sorgfältig, daß dort künftig eine landwirtschaftliche Nachnutzung möglich ist.

Es sollten künftig keine gewerblichen Gebäude mehr ohne eine Nutzung der Dachflächen errichtet werden. Hier besteht ein sehr großes Flächenpotential, bedarf aber einer sorgsamen statischen Planung und Dimensionierung. Auf Dachflächen sollten gärtnerische/landwirtschaftliche Nutzungen erfolgen - entweder durch eine intensive Dachbegrünung mit Kräuter- und Gemüseanbau oder durch die Aufstellung von Pflanzbeeten/Hochbeeten für eine gärtnerische Nutzung durch Einwohner der Stadt, Urban Gardening oder durch eine gewerbliche Nutzung, z.B. zur Eigenerzeugung von Kräutern/Gemüse durch einen Gastronomiebetrieb in der Umgebung, als Schulgarten (selbstverständlich mit sicheren Umzäunungen)."	84	7	31	20		27	4		10		5	10	18		7	27		3	13	3		5	15	9		13		3	14		2	3	13		4	9	4		5	3		2	24	1385	435		2022-03-14 17:25:26	T	F	44	44	0	0	1.32	21
405			"FB1"	"interview"	2022-03-15 09:29:42	2	2	1		5		6	4		2	2	2		6		7		7	1	2	2	7			6		6	-1	-1	2						6	2	1	F	F	F	T	F	F	F	F	F		4	3	1		15	15	94			20			12		39	20	37		17	14		10	15	5		3	22		7	8		4	6		4	2	9	2		7		2	7		3	7	49	37	459		2022-03-15 09:37:54	T	F	44	44	4	1	1.17	17
