"CASE"	"SERIAL"	"REF"	"QUESTNNR"	"MODE"	"STARTED"	"AU01"	"AU02"	"AU03"	"RU01_01"	"RU02_01"	"RU03_01"	"RU04_01"	"RU05_01"	"RU06_01"	"AS01"	"AS02"	"AS03"	"RS01_01"	"RS02_01"	"RS03_01"	"RS04_01"	"RS05_01"	"RS06_01"	"AW01"	"AW02"	"AW03"	"RW01_01"	"RW02_01"	"RW03_01"	"RW04_01"	"RW05_01"	"RW06_01"	"AK01"	"AK02"	"AK03"	"RK01_01"	"RK02_01"	"RK03_01"	"RK04_01"	"RK05_01"	"RK06_01"	"KD01"	"KD02"	"KD02_01"	"KD02_02"	"KD02_03"	"KD02_04"	"KD02_05"	"KD02_06"	"KD02_07"	"KD02_08"	"KD02_09"	"KD02_09a"	"KD03"	"KD08"	"KD06"	"KD06_01"	"KD06_02"	"KD06_03"	"KD06_04"	"KD06_05"	"KD06_05a"	"KD07"	"KD09"	"KD04"	"KD04_01"	"KD04_02"	"KD04_03"	"KD04_03a"	"KD05"	"KD10"	"KD10_01"	"KD10_02"	"KD10_05"	"KD10_03"	"KD10_04"	"KD10_04a"	"EM02"	"FK01_01"	"TIME001"	"TIME002"	"TIME003"	"TIME004"	"TIME005"	"TIME006"	"TIME007"	"TIME008"	"TIME009"	"TIME010"	"TIME011"	"TIME012"	"TIME013"	"TIME014"	"TIME015"	"TIME016"	"TIME017"	"TIME018"	"TIME019"	"TIME020"	"TIME021"	"TIME022"	"TIME023"	"TIME024"	"TIME025"	"TIME026"	"TIME027"	"TIME028"	"TIME029"	"TIME030"	"TIME031"	"TIME032"	"TIME033"	"TIME034"	"TIME035"	"TIME036"	"TIME037"	"TIME038"	"TIME039"	"TIME040"	"TIME041"	"TIME042"	"TIME043"	"TIME044"	"TIME_SUM"	"MAILSENT"	"LASTDATA"	"FINISHED"	"Q_VIEWER"	"LASTPAGE"	"MAXPAGE"	"MISSING"	"MISSREL"	"TIME_RSI"	"DEG_TIME"
140			"FB2"	"interview"	2022-02-14 09:21:54	1	1	1	5		7		7		1	1	1	8		8		5		2	2	1		7		5	7		1	1	1	8		6		5		1														2	T	F	F	T	F		4	3														-1		167	2	10	7		9	2		10	5		7	11	8		4	4		3	3		2	4	1		4	1		6	1		2	4		2	11		4	3	2		2	31	10	170		2022-02-14 09:27:36	T	F	44	44	3	1	2.25	84
141			"FB3"	"interview"	2022-02-14 09:21:55	1	-1	-1	6						-1	-1	-1							-1	-1	-1							-1	-1	-1							2																							-1	F	F	F		4	1	F	F	F	T	F		-1		7	11	10			20			7			12	23	8		12			24			5	5			5			4			6	3			5			8			3	27	23	220		2022-02-14 09:25:44	T	F	44	44	5	1	1.6	44
143			"FB3"	"interview"	2022-02-14 09:41:56	2	2	-1		5		4			-1	-1	-1							2	2	1		6		4	2		-1	1	1			3		3		1																							1	T	F	F		2	1	F	F	F	F	T	"Mitglied in einer Solawi"	1	"als ökologische Aspekte sind mir besonders wichtig der Humusaufbau und der Anbau ohne Gifte und synthetische Dünger (um Böden, Tiere, Luft, Wasser zu schützen)
als wirtschaftlicher Aspekt ist mir besonders wichtig, dass Solawis solidarisch sind, d.h. nicht profitorientiert, sondern dass wir gemeinsam ""unserem"" Betrieb wirtschaftliche Sicherheit bieten
unter sozialen Aspekten wurde die ""Verhandlung von Preisen mit Erzeugern"" genannt - wir verhandeln nicht mit dem Betriebsleiter, sondern versuchen gemeinsam und solidarisch das nötige Budget zu stemmen, indem Mitglieder sich je nach Zahlungsfähigkeit unterschiedlich einbringen können"	52	15	47			66	26		14	12		9	32		25	15		4	9			4	28			17			73			8	23		21	18		5	13	21		2	44	407	509		2022-02-14 09:58:46	T	F	44	44	0	0	0.77	6
144			"FB2"	"interview"	2022-02-14 09:43:50	-1	-1	-1							-1	-1	-1							-1	-1	-1							-1	-1	-1							-1														3	T	T	F	F	T	"Wiederverwertung, Mehrfachnutzung von Gebrauchsgegenständen, Schenkökonomie"	3	3														1		10	3	18			12			16			6	15			16			13			4	7			14			14			3	23			15			12			2	76	31	310		2022-02-14 09:49:02	T	F	44	44	5	1	1.29	21
145			"FB3"	"interview"	2022-02-14 09:54:03	-1	-1	-1							-1	-1	-1							-1	-1	-1							-1	-1	-1							2																							1	F	T	F		2	1	F	F	F	F	T	"Design für Urban Farming Komponenten"	1	"Sie haben m.E. in der Befragung den Aspekt der Ästhetik vergessen neben social, educational, economical und environmental. So sieht unser Ansatz dazu aus:

Aponix designt Urban Farming Komponenten, die etablierte gartenbauerische Methoden mit den speziellen Gegebenheiten der Stadt vermischt und hat hier bereits zwei Lösungen auf den Markt gebracht - vertical barrel / 3D-NFT (erdlos) und living WallSystem (mit Substrat), ein drittes folgt in 2022.

Zielgruppe sind Produkt-/Integrations-Partner (und jeder, der die Komponenten erproben möchte), die die Komponenten in nutzbare Lösungen fachmännisch integrieren und ein eigenes Geschäft darauf aufbauen wollen.

Alle Komponenten sind endlos nach dem Cradle-2-Cradle Prinzip recycelbar. Wichtige Komponente und Quelle der Innovation ist, die notwendige und fehlende Integration in den individuellen Kontext. Das machen die User, die Ihre Ideen danach frei miteinander teilen und andere damit inspirieren.

Dazu kann ich Ihnen gerne jederzeit mehr erzählen!

VG,
Marco Tidona"	5	106	7			5			4			2	5			4			4			1	4			2			3			1	6			2			4			1	36	131	238		2022-02-14 09:59:36	T	F	44	44	0	0	2.54	118
147			"FB1"	"interview"	2022-02-14 10:16:11	-1	-1	-1							-1	1	-1			2				-1	-1	-1							1	1	1	3		6		3		1	1	F	F	F	F	F	F	F	F	T	"Bildung"	1	1																							-1		96	19	31	19		32	13		21	10		14	17			8			8			9	16			17	6		16			3	26			15			6			2	40	34	478		2022-02-14 10:24:09	T	F	44	44	4	1	1.03	10
149			"FB3"	"interview"	2022-02-14 10:30:17	-1	2	-1				4			2	-1	2		4				5	2	-1	1		5			3		-1	-1	-1							1																							2	T	T	F		2	2	F	F	F	T	T	"freiwillige Helfende in einem urbanen Betrieb"	1	"Zwei Aspekte gegeneinander zu bewerten ist sehr schwierig, teilweise lassen sich die Aspekte nur schwer einzeln bewerten, da immer auch Bezüge untereinander bestehen"	32	11	50			24			22			6	27			45		28	24			3	25		9	21			20		7	2	18		6	21			16	3		3	73	879	532		2022-02-14 10:53:13	T	F	44	44	0	0	0.78	4
150			"FB2"	"interview"	2022-02-14 10:42:37	2	1	1		6	3		7		1	1	1	4		5		5		2	1	1		4	5		5		-1	2	2				4		5	2														1	F	F	F	T	F		4	2														1		4	8	16			14		16	15		3	11	9		6	19	4		4	4		6	7	4		4	2		5	3		7	10		4	8	5		12	2		4	27	36	247		2022-02-14 10:47:16	T	F	44	44	3	1	1.51	29
151			"FB1"	"interview"	2022-02-14 10:48:24	1	-1	2	3					3	-1	-1	-1							2	2	1		3		4	2		-1	-1	1					4		2	4	F	F	T	T	T	T	F	F	F		1	1																							1	"Die Befragung soll nur eine Abwägung von Wichtigkeiten der Aspekten der urbanen Landwirtschaft darstellen; Das ist ggf. etwas abstrakt. Die Frage ist wofür diese Ergebnisse hilfreich sein könnten? Das wird nicht ganz klar.

 Konkrete Beispiele oder genauere Aspekte zu Vor- und Nachteilen wären spannend. 

Ob man schon Projekte dazu in der Stadt hat oder ob man Möglichkeiten der urbanen Landwirtschaft nennen kann oder kennt wären vielleicht interessanter?"	8029	18	69			22			11	26		8	44	9		20			26		21	30	22			13			4			3	11		4	6		3	13	3		3	46	176	564		2022-02-14 13:12:24	T	F	44	44	0	0	0.96	11
153			"FB1"	"interview"	2022-02-14 10:51:46	2	1	1		1	5		4		1	-1	1	2				2		1	-1	-1	3						1	1	1	7		5		3		-1	3	F	F	F	T	T	T	F	F	F		2	1																							-1		6	2	12	55		131	10		29	3		2	242		13	112	3		12	2		2	9	2		5			7	2		2	43	4		4			7			2	60	34	366		2022-02-14 11:05:23	T	F	44	44	4	1	1.62	49
154			"FB1"	"interview"	2022-02-14 10:51:56	-1	-1	-1							-1	-1	-1							1	-1	2	5					5	-1	-1	-1							2	1	T	F	F	F	F	F	F	F	F		3	2																							-1		5	7	58			6			13			9	30			6			18			9	59			4			5			2	46	7		8			42		4	3	31	16	388		2022-02-14 10:58:24	T	F	44	44	5	1	1.49	37
155			"FB2"	"interview"	2022-02-14 10:52:18	2	-1	1		3			3		-1	1	1			3		3		2	-1	1		4			2		1	1	1	4		7		7		1														1	T	F	F	F	F		1	2														1		19	12	24	12		9	5		8	4		7	12		2	7			5	3		5	6			5	4		7	2		7	14		3	8			6	3		2	47	21	257		2022-02-14 10:56:47	T	F	44	44	4	1	1.6	31
156			"FB1"	"interview"	2022-02-14 10:53:37	-1	-1	-1							-1	-1	-1							1	-1	-1	3						-1	-1	-1							1	1	F	F	T	F	F	F	F	F	F		-1	1																							1		115	27	47			31			13			11	74			29			22			10	40			13			13			10	85	44		51			26			4	46	41	454		2022-02-14 11:06:09	T	F	44	44	5	1	0.62	1
157			"FB1"	"interview"	2022-02-14 10:58:18	1	-1	2	5					5	2	-1	1		5			6		-1	-1	-1							-1	1	-1			5				2	1	T	F	F	F	F	F	F	F	F		4	1																							1		3072	16	25			16	15		13			8	6	5		9			11		4	8	13		3	6			10	3		7	7			8			12			3	23	39	285		2022-02-14 11:54:01	T	F	44	44	4	1	1.34	22
158			"FB3"	"interview"	2022-02-14 11:06:47	-1	2	-1				4			-1	-1	-1							2	2	-1		6		2			-1	1	1			5		7		1																							1	T	F	F		4	3	T	T	F	F	T	"Mitglied einiger Initiativen zur urbanen Nahrungsproduktion, im Aufsichtsrat einer Hofladen-Hofbetrieb-Genossenschaft, Mitgründer einer Solawi, aktiv im Netzwerk Solidarische Landwirtschaft"	1		3717	7	49			17	11		4	3		4	17			14		8	9			2	7			9			3			1	13		16	17		3	27			2	171	61	346		2022-02-14 12:16:40	T	F	44	44	4	1	1.43	35
160			"FB1"	"interview"	2022-02-14 11:18:45	-1	-1	-1							1	-1	2	4					4	2	2	1		6		6	4		-1	1	1			5		5		1	1	F	F	F	T	F	F	F	F	F		2	2																							1		8	17	33			19	24		15	11		12	29			74			14			9	36	12		19			21		4	7	23		3	20		6	21	5		2	54	44	488		2022-02-14 11:27:49	T	F	44	44	4	1	0.84	5
162			"FB2"	"interview"	2022-02-14 11:22:35	-1	-1	-1							-1	-1	-1							-1	-1	-1							-1	-1	-1							-1														4	T	T	T	T	F		4	3														1		25	3	13			19			6			3	14			23			7			3	15			5			10			1	14			8			8			2	46	29	254		2022-02-14 11:26:49	T	F	44	44	6	1	1.65	45
163			"FB2"	"interview"	2022-02-14 11:24:07	-1	-1	-1							1	1	-1	4		4				2	-1	1		4			3		1	1	2	6		4			3	2														2	F	T	T	F	F		1	2														1		1573	22	20	32		23	5		19		82	9	20			22			13			9	42	5		12	5		16			10	11		10	14			10	3		3	25	21	359		2022-02-14 11:58:03	T	F	44	44	4	1	0.93	7
165			"FB1"	"interview"	2022-02-14 11:37:48	2	2	-1		5		6			1	-1	2	5					5	1	-1	2	6					5	-1	1	1			6		6		2	1	F	F	T	F	F	F	F	F	F		4	2																							-1		25	23	59			24	16		13	8		8	19		10	24		8	16			6	14	4		23			10		10	6	20	4		24			7		9	3	27	24	444		2022-02-14 11:45:13	T	F	44	44	4	1	0.95	6
168			"FB1"	"interview"	2022-02-14 12:01:44	-1	1	1			4		3		2	1	1		6	4		5		2	1	1		5	6		6		-1	1	1			6		3		1	1	F	F	F	F	T	F	F	F	F		4	1																							-1		5	2	54			24	24		11	5		8	17			12	14		11	3		3	16		5	7	6		7	4		3	7		13	7	5		9	4		3	41	12	334		2022-02-14 12:07:26	T	F	44	44	4	1	1.37	31
169			"FB1"	"interview"	2022-02-14 12:02:12	-1	-1	-1							-1	-1	-1							-1	-1	-1							-1	-1	-1							-1	-1	F	F	F	F	F	F	F	F	F		-1	1																							-1		27	12	3422			19			23			8	27			13			33			1	36			16			31			1	22			45			9			6	75	998	444		2022-02-14 13:22:36	F	F	42	44	6	1	0.93	28
170			"FB3"	"interview"	2022-02-14 12:12:17	-1	-1	-1							-1	-1	-1							-1	-1	-1							-1	-1	-1							1																							1	F	F	T	"Urban Agriculture - Mehrwert durch Berücksichtigung der Heritage-Ebene"	2	1	F	F	F	T	F		1		21	2	21			16			16			7	10			6			7			4	4			5			2			3	4			2			2			2	83	23	240		2022-02-14 12:16:17	T	F	44	44	5	1	1.88	80
175			"FB3"	"interview"	2022-02-14 12:43:11	-1	2	2				6		6	1	1	-1	6		6				-1	1	1			6		8		1	-1	2	8					8	2																							1	F	F	T	"Aquaponische Nahrungsmittelproduktion"	3	1	F	F	F	F	T	"Universität"	-1		10	11	22	29		19			21		5	13	2028			36		16	33		2	6	12	4		9	3		20			4	24			8	3		7	6		4	54	25	394		2022-02-14 13:23:46	T	F	44	44	4	1	0.95	7
176			"FB3"	"interview"	2022-02-14 13:04:48	-1	-1	-1							2	-1	1		4			5		-1	-1	-1							-1	1	-1			6				1																							-1	F	F	F		4	1	F	F	F	T	F		1		9	13	26			21	76		13			6	16			19			11			2	10		11	20			6	4		1	16			7			6			2	29	41	309		2022-02-14 13:10:54	T	F	44	44	5	1	1.31	20
178			"FB1"	"interview"	2022-02-14 13:18:25	-1	-1	-1							-1	-1	1					5		-1	-1	-1							1	1	2	6		6			5	1	-1	F	F	F	F	F	F	F	F	F		4	1																							-1		24	18	27	13		32	8		31		12	11	21			31			14			9	16			10			41	12		10	25			12			13			3	34	19	438		2022-02-14 13:25:51	T	F	44	44	5	1	0.93	7
180			"FB1"	"interview"	2022-02-14 14:18:01	-1	-1	-1							-1	-1	-1							-1	-1	-1							-1	-1	-1							2	1	F	F	T	F	F	F	F	F	F		4	1																							1		20	20	56			27			18			11	21			19			12			9	15			10			12			6	12			12			9			4	47	60	400		2022-02-14 14:24:41	T	F	44	44	6	1	0.95	4
182			"FB1"	"interview"	2022-02-14 14:34:30	2	2	2		3		2		2	2	-1	-1		3					2	1	1		3	3		3		-1	1	-1			6				2	1	F	F	F	T	F	F	F	F	F		-1	3																							1		15	22	38			28	32		28			12	25		4	28		6	45		5	10	26		2	24			45			6	25		10	71	3		16	4		5	72	70	581		2022-02-14 14:45:47	T	F	44	44	4	1	0.79	4
186			"FB2"	"interview"	2022-02-14 15:19:22	-1	-1	1					6		-1	2	-1				3			-1	-1	-1							-1	1	1			8		6		1														4	T	F	T	T	T	"Integration "	3	2														1		16	12	23			49	15		14	11		9	11			15			11	8		6	16			17		11	14			4	6			9			7			3	71	72	419		2022-02-14 15:26:32	T	F	44	44	4	1	1.02	8
188			"FB2"	"interview"	2022-02-14 15:29:45	1	2	2	6			4		5	-1	-1	-1							2	-1	1		5			2		-1	-1	-1							2														4	T	T	T	T	F		4	3														1		4	2	9			7			3			2	5	9		5		4	4		3	1	10			9			3			3	8		2	6			5	3		1	19	21	132		2022-02-14 15:32:13	T	F	44	44	4	1	2.4	99
193			"FB2"	"interview"	2022-02-14 17:19:59	-1	-1	-1							-1	-1	-1							-1	-1	-1							-1	-1	-1							1														2	F	F	T	F	T	"Entwicklungspolitik"	4	3														1		4	9	17			18			13			7	19			11			17			5	10			15			14			3	18			9			6			3	52	24	274		2022-02-14 17:24:35	T	F	44	44	5	1	1.29	19
194			"FB2"	"interview"	2022-02-14 18:55:49	-1	2	1				4	4		2	2	2		4		5		2	2	-1	1		6			4		-1	1	1			4		3		1														1	F	F	F	T	F		1	2														1		5	16	66			16	28		17	24		10	17			24		4	12	7		48	21		4	15		3	26		4	2	14		4	26			5	4		4	31	66	470		2022-02-14 19:04:32	T	F	44	44	4	1	1	13
195			"FB3"	"interview"	2022-02-14 19:38:23	-1	-1	-1							-1	1	1			6		6		-1	-1	-1							-1	-1	-1							2																							2	T	F	T	"Market Gardening mit diversen Vermarktungsströmen, aber hauptsächlich getragen durch die SOLAWI"	3	1	T	F	F	F	F		1	"Ich denke die vielfätigen positiven Effekte urbaner Landwirtschaft sind ganzheitlich zu betrachten und nicht gegenwinander aufzuwiegen, auch weil sich Wechselwirkungen zwischen ihnen einstellen.
Es ist (fast) egal ob urban oder nicht - wichtig ist nur, dass es sichtbare/nahbare Landwirtschaft ist - die Landwirtschaft muss raus aus der Anonymität, damit wir wieder anfangen Lebensmittel ethisch vertretbar zu produzieren - es muss Diskurs entstehen durch Nähe der Verbrauchenden zu den Produzierenden. Ferkel werden unbetäubt kastriert, weil niemand dabei zuguckt. Wenn - wie in unserem Betrieb - die Türe immer offen steht und die VerbraucherInnen uns durch die Siedlungsnähe tagtäglich auf unsere Finger schauen, dann entsteht gegenseitiges Verständnis für alle angewandten Praktiken und man trifft sich auf einem gemeinsamen Nenner."	33	22	42			25			8			14	26			51			7			2	23			16	41		18	4		12	29			32			25			6	150	622	553		2022-02-14 19:58:31	T	F	44	44	0	0	0.69	5
197			"FB3"	"interview"	2022-02-14 20:52:14	-1	-1	-1							2	-1	1		5			5		2	2	-1		4		4			-1	-1	-1							1																							1	T	F	F		4	1	F	F	F	F	T	"Vorstand eines Vereins, der einen eigenen SoLaWi-Betrieb führt."	1		11	20	39			44			11			9	18			17			20			5	20		22	22			16	11		3	29		7	39		12	14			3	159	60	604		2022-02-14 21:02:25	T	F	44	44	4	1	0.71	1
199			"FB2"	"interview"	2022-02-14 22:09:20	-1	-1	-1							2	2	1		2		2	2		-1	-1	-1							-1	1	1			6		4		1														2	F	F	T	T	F		4	2														1		7	6	19			7	27		20	7		16	20			6			7			9	7		4	11		4	9	3		13	5			4			3			5	24	26	265		2022-02-14 22:13:49	T	F	44	44	4	1	1.54	34
202			"FB2"	"interview"	2022-02-15 00:10:14	-1	-1	-1							2	2	1		3		5	6		2	-1	-1		5					-1	-1	-1							1														2	F	T	T	F	F		2	3														1		17	10	27			12			7			11	16			21			7			26	9		14	38		4	25	13		6	15		10	8			7			3	42	26	324		2022-02-15 00:16:28	T	F	44	44	5	1	1.02	11
203			"FB1"	"interview"	2022-02-15 07:25:54	-1	-1	-1							1	1	1	3		3		6		2	2	-1		7		6			1	-1	-1	7						1	1	T	F	F	F	F	F	F	F	F		4	2																							1		7	13	32	28		16			9			9	12			17			5			6	21	7		15	9		24	6		6	7		3	15		5	8			1	24	44	349		2022-02-15 07:31:45	T	F	44	44	4	1	1.29	20
204			"FB1"	"interview"	2022-02-15 08:28:40	1	-1	2	5					5	1	1	2	6		6			4	2	2	-1		7		6			-1	2	-1				3			2	1	F	F	T	F	F	F	F	F	F		4	3																							1	"Aus meiner Sicht sollten die Themen Ernährung und nachhaltige Landwirtschaft immer auf eine etwas größere Region bezogen werden, als die eigentliche Stadt. 
Für Dresden wären aus meiner Sicht auch die benachbarten Landkreise sehr interessant. 

Es ist schön, wenn Landwirtschaft auch einen Mitmach- und Erlebnisfaktor bietet, für diejenigen, die Zeit haben und denen das Thema das zentralste aller Anliegen ist. Aus meiner Sich bildet das aber nicht das aktuelle Leben der Menschen, insbesondere der Familien und erst recht nicht der Landwirte ab.     

Um so ökologischer die Landwirte arbeiten, um sehr mehr Zeitaufwand ist nötig für vergleichbare Ergebnisse. 
Da sowohl Produzenten als auch Konsumenten unter starkem Zeitdruck stehen und eine hohe organisatorische Leistung erbringen, 
um zusammen zu kommen sollte die Bildungsarbeit zu dem Thema nicht auch noch auf dem Landwirt lasten. 

Hier sollten sich sowohl die Kommunen als auch die Interessenvertreter der Landwirte beteiligen und mit den örtlichen Initiativen zusammenarbeiten."	6	5	25			58		21	55			8	27	10		59			14		3	5	33	4		21	4		24		5	2	24		5	22		2	24			4	30	3270	442		2022-02-15 09:31:30	T	F	44	44	0	0	1.03	13
205			"FB2"	"interview"	2022-02-15 08:29:05	-1	1	1			6		8		-1	-1	-1							1	-1	2	6					3	-1	-1	1					8		1														4	T	T	F	T	T	"Integration "	2	2														-1		12	5	31			10			26	22		4	31			41	9		12	8		2	27			22			21			3	32	20		22			25		17	4	57	35	452		2022-02-15 08:37:23	T	F	44	44	4	1	1.03	15
206			"FB1"	"interview"	2022-02-15 08:35:16	-1	-1	-1							-1	1	1			6		6		-1	-1	-1							1	1	-1	6		6				2	1	F	F	F	T	F	F	F	F	F		4	2																							-1		30	28	26	36		30	5		28			12	22			25			41			13	31			33	12		110	5		12	17			12			20			6	41	21	512		2022-02-15 08:45:33	T	F	44	44	5	1	0.78	6
210			"FB1"	"interview"	2022-02-15 10:52:10	2	2	-1		6		5			-1	-1	-1							2	-1	1		6			5		1	-1	2	6					6	2	1	F	F	F	F	F	F	F	F	T	"Gewässer"	4	2																							1		6	12	34	16		87			14		4	11	17		15	11		14	17			9	145			14			15			5	18		19	21			28	5		3	49	20	408		2022-02-15 11:02:19	T	F	44	44	4	1	1.01	11
218			"FB2"	"interview"	2022-02-15 11:52:35	-1	-1	-1							-1	1	1			1		3		-1	2	-1				2			-1	-1	1					3		1														1	F	F	T	F	F		1	2														1		12	9	21			20			15	12		10	19			11			12			8	6			13	8		10	7		9	210			21		5	15			3	50	84	393		2022-02-15 12:02:25	T	F	44	44	5	1	0.96	7
221			"FB1"	"interview"	2022-02-15 14:57:35	-1	1	1			6		6		-1	1	1			7		7		-1	-1	-1							-1	1	1			7		7		1	1	F	F	T	F	F	F	F	F	F		4	3																							1		5	13	24			22	25		15	4		11	20			15	7		21	5		9	35			27	3		24	3		12	27			13			25			3	31	63	462		2022-02-15 15:05:20	T	F	44	44	4	1	0.96	8
222			"FB1"	"interview"	2022-02-15 16:05:43	1	1	1	4		6		3		2	-1	1		5			5		2	-1	-1		4					-1	-1	-1							2	1	F	F	T	F	F	F	F	F	F		4	2																							1	"Hallo Martina,

herzliche Grüße aus München!

Matthias Lampert"	6	12	20			48			6			1584	40	28		13	9		23	2		10	21		11	5			10	11		9	7		12	5			7			3	28	64	378		2022-02-15 16:38:57	T	F	44	44	0	0	1.17	21
223			"FB3"	"interview"	2022-02-15 17:18:19	1	-1	2	5					6	1	1	-1	4		4				-1	1	1			6		5		1	2	2	5			7		8	2																							1	F	F	T	"Gebäudeintegrierte Agrarwirtschaft"	4	2	F	F	T	T	F		1		8	18	33	27		17		13	20		6	9	26	7		12			11		4	3	36	4		13	2		19			3	27			12	7		13	3		3	67	22	390		2022-02-15 17:25:45	T	F	44	44	4	1	1.01	8
224			"FB1"	"interview"	2022-02-15 17:33:57	2	2	-1		6		6			2	2	2		5		6		6	2	2	2		6		6		6	-1	-1	1					6		2	2	T	F	T	F	F	F	F	F	F		4	2																							1	"außerhalb meiner Tätigkeit als Grünplaner bin ich privat engagiert im Aufbau einer einer neuen Solawi in Aachen
1. Diese Solawi wird als Verein und nicht in Einzelunternehmerschaft geführt 
2. Sozialer Aspekt: Der Jahresetat wird nicht durch feste Mitgliedsbeiträge pro Erntanteil, sondern durch ""Bieterunden"" gesichert."	22	3	32			57			57	14		18	30		16	21		4	17			13	37		6	27		6	31		3	5	21		4	11		3	25		8	3	48	657	536		2022-02-15 17:53:57	T	F	44	44	0	0	0.82	9
225			"FB2"	"interview"	2022-02-15 18:46:11	2	-1	-1		5					-1	-1	-1							-1	-1	-1							-1	1	1			5		5		1														4	T	T	T	F	T	"vernetzung der Bewohner"	4	3														1		59	31	30			15	35		18	14		17	22		12	32			28			75	18			30			7			12	10			18			12			4	87	49	566		2022-02-15 18:56:46	T	F	44	44	5	1	0.68	3
226			"FB1"	"interview"	2022-02-16 10:59:22	-1	-1	-1							2	1	1		2	2		3		2	-1	2		3				2	1	2	2	2			5		3	2	1	F	F	F	F	F	F	F	T	F		4	2																							-1	"Urbane Landwirtschaft klingt natürlich sehr reizvoll. Wir erleben allerdings eine sich weiter verschärfende Flächenkonkurrenz insbesondere in den Handlungsfeldern Wohnen, Bildung, Gewerbe und Mobilität. Da bleibt unterm Strich für eine halbwegs leistungsfähige urbane Landwirtschaft nicht mehr viel übrig. Deshalb kommt in meinen Augen dem Vertrieb regional produzierter landwirtschaftlicher Produkte eine Schlüsselfunktion zu. 

Dresden braucht ein Marktkonzept, das frische, einwandfreie, regional erzeugte Produkte in den Fokus rückt und dafür die notwendigen Rahmenbedingungen schafft. Dazu gehört nach meinem Verständnis ein großer Wochenmarkt am Sonnabend in zentraler Lage, am besten auf dem Altmarkt oder in der Friedrichstädter Großmarkthalle (Vision 2030?). Der Sachsenmarkt in der Lingnerallee ist leider nur für Rentnerinnen und Rentner attraktiv. Wenn ich Freitagabend dorthin komme, ist es oft nur noch zum Weinen - die schönsten Waren sind dann längst ausverkauft. 

Ich beneide meine französischen Freunde für ihre lebendigen Märkte am Wochenende. Es ist mir bei jedem Besuch eine Wonne und ein Genuss, über die Märkte zu flanieren. Savoir vivre. Auch in Italien gehört ein anständiger Wochenendmarkt zur Kultur. La dolce vita. Warum sollte Dresden das nicht auch schaffen? Hierin steckt großes Potenzial!"	3	10	29409	31		66		27	58		5	6	22			24			8			24	110		2	46	2		22	8		5	27		9	25			27		3	2	27	1119	463		2022-02-16 19:38:12	T	F	44	44	0	0	0.93	17
227			"FB1"	"interview"	2022-02-16 11:16:22	2	1	-1		3	3				-1	1	-1			6				2	2	2		4		6		6	2	1	1		3	3		6		1	1	F	F	F	F	F	F	T	F	F		4	2																							-1		28	8	20		24	38	4		16	3		7	19		2	11	2		17			2	28			22	4		18			2	12		5	8		2	8		3	3	24	21	337		2022-02-16 11:22:23	T	F	44	44	4	1	1.49	34
228			"FB1"	"interview"	2022-02-16 11:49:17	-1	2	-1				4			2	1	1		4	5		4		-1	1	2			3			3	-1	-1	2						1	2	1	F	F	F	F	F	F	F	T	F		1	1																							-1		6966	13	34			31			38		22	9	34			24		6	13			2	52		5	17	4		20	7		3	39			24	3		8		3	3	30	24	483		2022-02-16 13:53:13	T	F	44	44	4	1	0.93	8
232			"FB3"	"interview"	2022-02-16 15:38:09	2	2	1		7		3	4		2	-1	1		5			7		-1	-1	-1							-1	1	-1			5				1																							1	T	F	F		3	2	F	T	F	F	T	"Ich bin Mitglied in einer Solawi und arbeite dort regelmäßig ehrenamtlich mit. Zur nächsten Saison (ab März/April) wechsle ich in eine kleinere Solawi, die näher an meinem Wohort liegt. Die Inhalte und Schwerpunkte werden anders sei - ich bin gespannt"	1	"Viel Erfolg bei ihrer Forschungsarbeit!

Ich freue mich darauf, genauere Informationen über die Ergebnisse zu bekommen.  Es  fällt mir schwer, mich zwischen den einzelnen Punkten zu entscheiden, ohne MEINE Aspekte genauer definieren zu können.

Freundliche Grüße von Monika Lorenzen"	56	19	29			35	48		57			22	33		120	31		34	50	18		9	25		22	43			68	37		9	32			65			43			5	258	313	593		2022-02-16 16:02:50	T	F	44	44	0	0	0.37	0
236			"FB1"	"interview"	2022-02-17 08:54:42	1	2	2	5			5		5	1	1	1	2		2		3		2	1	1		5	3		3		1	2	2	3			3		3	2	1	F	F	F	F	F	F	F	F	T	"Bildung - wiss. Mitarbeiter FB Agrarwirtschaft - Arbeitsgruppe urbane Landwirtschaft"	3	3																							1		43	159	12	18		19		4	7		3	14	21	6		5		3	3		3	2	10	2		6	3		7	3		2	7		3	5	2		4	4		2	48	33	313		2022-02-17 09:02:25	T	F	44	44	3	1	1.78	48
239			"FB1"	"interview"	2022-02-17 08:56:10	-1	-1	-1							-1	-1	-1							-1	-1	-1							-1	1	-1			6				1	1	F	F	F	F	F	T	F	F	F		3	1																							1		48	2	16			13	6		20			9	11			10			9			4	9			10			5			2	7			6			5			2	31	37	262		2022-02-17 09:00:32	T	F	44	44	5	1	1.79	50
241			"FB1"	"interview"	2022-02-17 09:00:21	2	2	-1		1		2			-1	-1	-1							1	2	2	1			4		2	-1	-1	-1							1	3	F	F	F	F	T	T	F	F	T	"Umweltbildung"	2	2																							1		540	26	38			47			17			6	160		16	20		21	11			2	36			18			20			4	30	5		17		12	42		6	2	32	55	497		2022-02-17 09:20:04	T	F	44	44	4	1	0.82	8
244			"FB2"	"interview"	2022-02-17 09:27:49	2	2	-1		3		6			-1	1	-1			4				-1	-1	-1							-1	1	-1			5				1														2	T	F	T	F	F		4	2														1		13	17	21			25	25		15			10	20		10	13		9	10			6	14			13	4		14			14	5			13			6			4	66	42	380		2022-02-17 09:34:18	T	F	44	44	5	1	1	7
245			"FB2"	"interview"	2022-02-17 09:29:00	-1	-1	1					5		-1	-1	1					6		2	2	-1		5		6			-1	2	1				3	5		1														2	F	T	T	F	F		4	3														1	"Auf unserer Webseite genussgemeinschaft.de sehen sie unseren Aktionsradius.

Persönlich halte ich in einer Grosstadt wie München die städtische Landwirtschaft als nicht vertretbar, bei dem knappen Wohnraum. D.h. die Landwirtschaft ist im sogenannten Speckgürtel der Stadt. Und diese Höfe stehen bereits zum Teil unter megastarkem Verdrängungsdruck sogar hin bis zur Enteignung, weil Wohnprojekte geplant werden. Auf öffentlichen Grünflächen Gemeinschaftsgärten anzulegen, in Schulen und unversiegelten Flächen ist eine sozial sehr gute Idee, besonders auch für multikulturelle Szenarien. Auch die alteingesessenen Schrebergärten sind wunderbar, stehen an manchen Standorten auch unter Druck w. dem Wohnraumbedarf. Das Umland bei uns ist teuer zum Wohnen, mit einem Radius von über 100km nahezu unbezahlbar für Viele. Ein eigenes Haus oder Wohnung kaum mehr finanzierbar. Und eine stadtnahe Landwirtschaft mit all den kleinen Projekten kann nie eine Millionenstadt ernähren, auch kein Vertikalfarming und Dachgärten. Das sind alles nette und sinnvolle Projekte, aber zu einer Ernährungssicherheit können sie nicht beitragen. 
Das mag im Osten von D anders sein oder z.B. in Schleswig Holstein oder Schwerin. 

Viel Erfolg und Erkenntnisse, die ein sowohl als auch zulassen.

Freundliche Grüße
Marlene Hinterwinkler "	33	29	41			21		16	20	20		9	21			14			6	11		5	14			12			12	11		6	16		10	19		8	24			3	46	416	447		2022-02-17 09:43:03	T	F	44	44	0	0	0.8	3
249			"FB2"	"interview"	2022-02-17 09:57:11	-1	-1	-1							-1	-1	-1							-1	-1	-1							-1	-1	-1			-9				-1														4	T	T	T	T	F		3	3														1	"Das splitting der Themen finde ich arbiträr. Wenn ein Stück Land in der Stadt in naturnaherweise nachhältig bewirtschaftet wird (d.g. ohne Einsatz von Agrargiften), wird das Mikroklima und der Wasserhaushalt automatisch positiv beeinflusst und dadurch die Biodiversität gefördert. Ein gesundes, belebtes Stück Grün in der Stadt hat eine magnetische Anziehungskraft für Stadtmenschen. Wir Menschen sind Teil der Umwelt - die Gegensätze entstehen als artifizielle Kategorien in unseren Köpfen, insbesondere zu Studienzwecken, wo man gerne splittet, kategorisiert und quantifiziert. Mehr Leben fördert mehr Leben und Gemeinschaft."	4	3	30			32	15		13			19	44			14			15			8	14			14			5			12	5			8			4			2	57	440	354		2022-02-17 10:09:49	T	F	44	44	5	5	1.27	28
250			"FB2"	"interview"	2022-02-17 10:02:17	1	-1	1	6				6		1	1	-1	8		6				2	2	2		7		6		6	-1	-1	1					5		2														2	F	F	T	T	F		4	1														1		885	31	65			43			37	70		15	57	26		97			33	12		12	30	7		26	23		38			12	36		4	36		10	49		23	9	67	186	618		2022-02-17 10:34:36	T	F	44	44	4	1	0.4	0
251			"FB3"	"interview"	2022-02-17 10:02:36	2	-1	1		4			5		-1	-1	-1							-1	-1	2						4	-1	-1	-1							2																							1	T	F	F		4	1	F	F	F	T	F		1		84	2	15			12			6			2	6		17	11			3	3		2	3			4			4			2	3			6			3		7	1	17	32	165		2022-02-17 10:06:42	T	F	44	44	5	1	2.18	90
252			"FB3"	"interview"	2022-02-17 10:07:36	1	-1	2	5					6	-1	-1	2						5	1	2	2	7			5		5	-1	-1	-1							2																							1	F	F	T	"technische Umsetzung von urbanen / vertikalen / Indoor oder technische Innovation / Umsetzung von modernen / nachhaltigen Projekten"	4	4	T	F	T	T	T	"Gärtnermeister / staatl.gepr.Gartenbautechniker / ein technischer Gärtner in der Umsetzung innovativer Ideen "	1		7	11	21			14			16			6	18	24		16			18		16	5	25			7			15		15	3	15	10		14		7	33		4	2	222	47	336		2022-02-17 10:17:27	T	F	44	44	4	1	0.99	7
254			"FB3"	"interview"	2022-02-17 10:09:08	1	2	2	5			5		6	2	-1	-1		8					-1	-1	-1							-1	-1	-1							2																							1	F	T	F		3	1	F	F	F	T	F		-1		7	12	46			29			20			6	49	41		21		14	16		16	2	27		19	19			19			11	16			10			9			4	41	63	460		2022-02-17 10:17:46	T	F	44	44	5	1	0.87	6
255			"FB3"	"interview"	2022-02-17 10:21:55	-1	-1	-1							1	1	2	5		5			5	2	1	1		6	6		6		-1	2	2				8		8	2																							2	F	T	T	"Aquaponik"	4	2	F	T	T	F	F		1		7	22	44			14		16	14		12	6	18			15			10			8	6	8		14	4		40		3	2	11		9	24	2		7	6		3	57	43	398		2022-02-17 10:29:01	T	F	44	44	4	1	1.09	13
256			"FB1"	"interview"	2022-02-17 10:37:41	2	2	1		6		3	6		2	1	1		6	6		6		2	1	1		4	4		4		-1	1	1			4		6		1	1	F	F	T	F	F	F	F	F	F		2	2																							1		14	3	14			25	18		5	4		7	18		4	24		6	4	2		3	7		3	9	1		5	1		4	10		5	5	3		5	2		3	21	24	259		2022-02-17 10:42:00	T	F	44	44	3	1	1.82	48
257			"FB2"	"interview"	2022-02-17 10:46:27	-1	-1	-1							-1	-1	-1							-1	-1	-1							-1	-1	-1							2														2	T	F	T	F	F		4	3														1		38	14	34			26			24			16	36			18			16			10	18			22			13			9	18			28			9			2	49	103	503		2022-02-17 10:54:52	T	F	44	44	6	1	0.74	2
258			"FB1"	"interview"	2022-02-17 10:52:25	-1	-1	1					8		-1	1	1			7		7		1	2	2	4			4		4	2	1	1		6	6		8		1	1	F	F	F	F	F	T	F	F	F		2	3																							1	"Für Freiburg mit der Nähe zum Land und den vielen Möglichkeiten kleinteiliger Landwirtschaft erachte ich es für nicht wichtig Lebensmittel in der Stadt zu produzieren. Vielmehr sollten wir wieder Strukturen etablieren die kleinteilige Landwirtschaft wirtschaftlich machen. ZB Ausbildung, Verarbeitung, Bündelung, Handel etc.
Essbare Stadt lenkt leider etwas ab vom eigentlichen Problem."	6	10	29		28	29	6		10	3		8	14			9			9	7		3	16			7	2		7	3		3	23	4		10		2	6		3	3	22	133	387		2022-02-17 10:59:20	T	F	44	44	0	0	1.45	25
259			"FB3"	"interview"	2022-02-17 10:52:56	-1	2	-1				3			1	-1	-1	3						-1	-1	-1							1	-1	2	3					3	2																							1	T	F	F		1	1	F	T	F	F	F		-1		17	20	46	20		24			25		7	137	36			28		14	16			10	31	8		40			83			10	23			38			13			3	61	28	484		2022-02-17 11:05:14	T	F	44	44	5	1	0.62	1
260			"FB2"	"interview"	2022-02-17 10:55:56	-1	-1	-1							-1	-1	1					3		2	-1	-1		3					-1	-1	-1					-9		1														1	F	F	F	T	F		3	2														-1		5	10	13			37			48	4		8	48			36			21			8	32			13			17	20		6	39		9	25			14			3	51	30	449		2022-02-17 11:04:13	T	F	44	44	10	6	0.9	10
263			"FB1"	"interview"	2022-02-17 11:11:04	1	-1	2	3					3	1	2	2	6			5		6	2	2	2		4		4		4	-1	2	-1				3			1	-1	F	F	F	F	F	F	F	F	F		-1	1																							-1		65	15	46			27		19	22			22	31	3		32			23		3	7	15	3		18		4	14		5	11	22		6	19		3	27		2	3	30	11	472		2022-02-17 11:19:33	T	F	44	44	4	1	1.04	13
269			"FB2"	"interview"	2022-02-17 11:33:19	-1	-1	-1							-1	-1	-1							-1	-1	-1			-9				-1	-1	-1							-1														5	T	T	T	T	T	"Soziale Zusammenhalt und Gemeinschaftsbidung"	2	3														1		30	14	86			11			8			9	26			9			14			11	7			10			15			14	57			57	40		13			6	111	48	406		2022-02-17 11:43:15	T	F	44	44	10	6	0.87	8
270			"FB1"	"interview"	2022-02-17 11:39:26	-1	-1	-1							-1	-1	-1							-1	-1	-1							-1	-1	-1							-1	1	T	F	F	F	F	F	F	F	F		-1	2																									5	2354	3352			5			2			6	63			2			2			2	2			3			2			2	4			7			2			4	36		155		2022-02-17 13:17:01	F	F	43	43	0	0	2.14	154
271			"FB1"	"interview"	2022-02-17 11:40:36	2	-1	1		6			6		2	2	-1		6		6			-1	-1	-1							-1	1	1			6		6		1	1	F	F	F	T	F	F	F	F	F		4	2																							1		30	21	34			19	27		24	4		17	51		4	20			28	11		3	17		7	14		9	22			5	18			7			10			3	35	27	458		2022-02-17 11:48:23	T	F	44	44	4	1	0.99	9
273			"FB2"	"interview"	2022-02-17 11:54:02	-1	-1	-1							-1	-1	-1							2	2	-1		8		6			-1	-1	-1							1														5	T	T	T	T	T	"Gemeinschaftsgarten"	3	2														-1		70	20	18			38			15			8	20			23			14			3	13			11			23			2	8		26	18		20	22			2	112	41	505		2022-02-17 12:02:49	T	F	44	44	5	1	0.97	11
275			"FB2"	"interview"	2022-02-17 12:09:02	2	-1	1		4			4		-1	-1	-1							-1	-1	-1							1	1	1	4		8		8		1														3	F	T	T	T	F		2	2														1		9	9	14	22		8	6		7	4		7	12		6	10			11	4		6	5			6			7			5	7			7			5			3	39	36	233		2022-02-17 12:13:17	T	F	44	44	4	1	1.59	29
276			"FB3"	"interview"	2022-02-17 12:36:52	-1	2	-1				2			2	2	1		4		3	2		-1	-1	-1							-1	-1	-1							-1																							1	T	F	F		1	1	F	F	F	F	T	"Mitglied in einer Solidarischen Landwirtschaft"	-1		39	10	66			22			8			8	94			14		14	6			2	18		10	9		3	16	2		3	71			12			5			3	64	12	382		2022-02-17 12:45:25	T	F	44	44	4	1	1.14	16
280			"FB1"	"interview"	2022-02-17 12:53:23	1	1	1	1		4		4		1	-1	2	3					6	1	2	-1	6			6			-1	1	1			5		5		-1	1	F	F	F	T	F	F	F	F	F		4	2																							1		12	18	16			14	13		16	7		9	21	13		21	7		7	7		7	12	15		19			13		12	2	19	6		19		10	7			5	40	52	419		2022-02-17 13:00:22	T	F	44	44	4	1	1.01	10
283			"FB2"	"interview"	2022-02-17 13:16:01	-1	1	1			3		3		2	-1	1		4			6		-1	-1	-1							-1	-1	-1							1														2	T	T	F	F	F		2	3														1		46	20	40			22			12			19	37			34	29		40	5		9	40		11	18			38	24		10	24			25			24			7	68	47	573		2022-02-17 13:26:50	T	F	44	44	5	1	0.56	1
284			"FB2"	"interview"	2022-02-17 13:19:52	-1	-1	-1							-1	-1	-1							2	2	-1		5		5			-1	-1	-1							1														3	T	F	T	T	F		4	2														-1		12	8	9			11			12			5	19			7			22			4	5			8			7			3	29		30	14		11	14			5	38	29	276		2022-02-17 13:24:55	T	F	44	44	5	1	1.34	24
285			"FB2"	"interview"	2022-02-17 13:19:54	-1	-1	-1							-1	1	1			6		7		-1	-1	-1							-1	-1	-1							2														4	T	F	T	T	T	"Demokratie, Diversität, Flucht und Migration"	2	2														-1		4	9	31			10			19			6	36			6			20			6	23			8	20		18	11		4	22			16			6			3	80	31	373		2022-02-17 13:26:24	T	F	44	44	5	1	1.11	18
294			"FB3"	"interview"	2022-02-17 14:19:02	-1	-1	-1							2	2	1		5		4	4		2	-1	1		6			6		-1	-1	-1							2																							1	F	F	T	"kein Schwerpunkt"	4	1	F	F	F	T	F		1	"Die paarweisen Vergleiche sind etwas mühsam gewesen. Warum wurde da kein Ranking gemacht?"	32	7	25			13			5			9	20			9			5			3	11		16	8		4	10	3		2	7		2	10			8	2		3	40	53	303		2022-02-17 14:24:11	T	F	44	44	0	0	1.44	25
295			"FB1"	"interview"	2022-02-17 14:22:46	2	2	2		5		6		3	-1	-1	-1							-1	1	1			6		6		-1	-1	-1							2	2	T	F	T	F	F	F	F	F	F		4	3																							1		4	3	52			62			50			14	46		40	42		6	24		4	14	19			5			4			269	22			6	4		8	2		4	90	145	559		2022-02-17 14:38:25	T	F	44	44	4	1	1.08	24
296			"FB3"	"interview"	2022-02-17 14:27:05	-1	2	1				5	5		1	1	-1	6		5				1	-1	2	8					6	1	1	-1	7		7				2																							1	F	F	T	"Erdloser Anbau"	4	4	T	T	T	T	F		1		7	2	18	6		5	3		13			4	19			10		2	7	2		2	13	2		11	4		9			1	9	2		9			9		2	3	46	29	237		2022-02-17 14:31:14	T	F	44	44	4	1	1.74	59
298			"FB1"	"interview"	2022-02-17 15:54:55	1	1	-1	5		5				1	-1	2	6					6	-1	1	1			6		3		-1	-1	-1							1	1	F	F	F	F	F	F	F	F	T	"Bodenschutz"	4	2																							1		46	25	31			35			20			6	30	41		76	6		46			4	10	9		9			17		5	3	20			9	2		12	4		3	40	29	418		2022-02-17 16:03:54	T	F	44	44	4	1	0.98	8
300			"FB1"	"interview"	2022-02-17 16:43:24	-1	-1	1					6		-1	-1	1					4		-1	1	-1			6				-1	-1	-1							1	2	T	F	F	F	F	F	F	T	F		4	1																							1		86	13	13			8			13			3	10			5			6	13		3	6			4			6	5		3	7			13	9		6			1	36	27	281		2022-02-17 16:48:21	T	F	44	44	5	1	1.86	52
302			"FB2"	"interview"	2022-02-17 17:47:56	-1	-1	-1							-1	-1	1					6		-1	-1	-1							-1	-1	-1							1														1	F	F	F	T	F		4	2														-1		26	16	38			63			21			16	48			17			22			12	60			21			35	41		8	39			27			31			4	44	43	484		2022-02-17 17:58:28	T	F	44	44	5	1	0.56	0
304			"FB2"	"interview"	2022-02-17 19:11:46	-1	-1	-1							-1	-1	-1							2	2	-1		6		6			-1	-1	-1							2														1	F	F	F	F	T	"Stadtverwaltung"	4	2														1		59	12	15			17			23			6	22			10			6			7	19			10			11			7	12		28	13		10	14			2	36	23	338		2022-02-17 19:17:48	T	F	44	44	5	1	1.07	10
305			"FB3"	"interview"	2022-02-17 20:36:56	2	2	1		5		4	6		1	2	2	2			2		3	-1	1	1			5		3		-1	1	2			6			6	1																							2	T	F	T	"stadtnahe Landwirtschaft jeglicher Form, Anm. vertikale Landwirtschaft beschreibt spezifische technische Formen oder besondere Anbauverfahren, während soladarische Landwirtschaft die sozialen und ökonomischen Interaktionen zwischen verschiedenen Akteuren  betont, denkbar wären auch SolaWis aus vertikaler Landwirtschaft"	2	1	F	F	F	T	F		1		6	9	16			25	24		13		4	6	10		11	8		4	8	6		2	8	9		9		5	8		8	7	18			11	4		5	5		2	243	67	357		2022-02-17 20:46:19	T	F	44	44	3	1	1.36	23
306			"FB3"	"interview"	2022-02-18 08:15:14	-1	-1	-1							-1	1	-1			4				1	2	-1	4			5			1	-1	2	3					1	1																							1	T	F	F		-1	1	F	T	F	F	F		1	"Die repetative Form der Fragestellung hat mich fast in den Wahnsinn getrieben"	8	10	18	26		26			37		6	6	69			34			29			5	20			29	5		30			16	16	3		29		11	42			3	40	82	537		2022-02-18 08:25:14	T	F	44	44	0	0	0.75	4
307			"FB2"	"interview"	2022-02-18 09:00:43	-1	-1	-1							1	-1	2	5					5	2	-1	-1		6					-1	-1	-1							1														3	F	F	T	T	T	"tiergestützte Pädagogik"	4	2														1		8	3	20			13			29			7	9			14			19			2	30	51		9			16		20	2	18		2	22			16			2	38	31	310		2022-02-18 09:07:04	T	F	44	44	5	1	1.41	29
308			"FB1"	"interview"	2022-02-18 09:24:52	1	1	1	6		6		5		2	1	1		6	5		6		2	2	1		7		5	6		2	2	2		5		5		5	2	1	F	F	F	F	F	F	F	F	T	"nicht Stadtverwaltung; aber Hochschule "	3	3																							1		6	4	15		18	7		3	6		2	8	9	9		8	2		3	2		2	5		3	7	2		3	3		1	4		2	6		2	6	1		3	37	14	182		2022-02-18 09:28:15	T	F	44	44	3	1	2.27	84
309			"FB1"	"interview"	2022-02-18 09:57:39	-1	1	1			3		4		-1	1	1			5		3		-1	-1	-1							-1	-1	2						3	1	3	F	F	T	T	T	F	F	F	F		1	2																							1		5	88	34			22			18		15	4	15			9	2		6	3		2	19			7	3		14	6		2	11			8			13			2	21	26	280		2022-02-18 10:03:34	T	F	44	44	4	1	1.57	34
310			"FB2"	"interview"	2022-02-18 10:07:08	-1	2	1				3	4		2	1	-1		5	6				2	2	1		4		2	3		2	-1	1		5			5		2														2	F	T	T	F	F		1	2														1	"Der Hinweis auf das SYmbol I war sehr hilfreich. Viel Erfolg"	20	16	33		38	36			19	37		16	44			58		13	12	11		9	41		4	17	9		27			20	37		7	36		5	20	5		3	34	74	577		2022-02-18 10:18:50	T	F	44	44	0	0	0.67	3
311			"FB3"	"interview"	2022-02-18 10:07:31	-1	1	1			3		3		2	1	1		5	5		6		2	2	2		5		7		6	1	1	2	5		7			4	1																							1	F	T	F		1	1	F	T	F	F	F		1		3391	31	41	22		21	10		23		9	27	29			27	4		7	5		8	21		6	11	3		6	3		7	11		3	4		3	6		4	2	36	29	381		2022-02-18 11:11:01	T	F	44	44	3	1	1.15	18
312			"FB3"	"interview"	2022-02-18 17:08:57	2	2	2		1		3		3	-1	-1	1					6		1	2	2	6			6		3	-1	-1	1					3		1																							1	T	F	F		2	1	F	F	F	F	T	"Mitglied einer solidarischen Landwirtschaft "	1		63	4	27			10			50	36		18	68		60	60		43	42		26	16	77			57			39	19		16	56	34		45		34	65		35	6	177	61	536		2022-02-18 17:29:44	T	F	44	44	4	1	0.47	5
313			"FB3"	"interview"	2022-02-19 10:44:02	2	2	2		3		8		8	1	1	1	3		3		3		2	1	1		5	5		6		2	1	1		6	6		6		1																							1	F	F	T	"Kleingärten"	4	1	F	F	F	T	F		1	"Die Bedeutung der einzelnen Nachhaltigkeitsdimensionen ist sehr unterschiedlich oder sogar gegensätzlich für die 2 genannten Typen der urbanen Landwirstchaft Solawi und vertical farming. Es wäre präziser zu beantworten gewesen, wenn man sich zu Beginn auf eine der beiden Formen hätte festlegen können. Oder beide Formen getrennt voneinander bewerten könnte. 
"	20	12	13		16	9	8		8	6		16	21		11	10		6	5		3	5	5	13		4	5		6	4		16	116		13	20	200		8	24		10	78	806	381		2022-02-19 11:09:01	T	F	44	44	0	0	1.16	24
317			"FB2"	"interview"	2022-02-19 16:51:51	2	-1	-1		6					-1	1	1			5		6		2	1	1		6	5		5		-1	1	1			8		6		2														1	F	F	T	F	F		4	2														1		11	16	15			12	10		16	9		4	14		2	6			9			2	6			5	2		6	2		2	6		2	6	2		7	2		2	24	24	222		2022-02-19 16:55:36	T	F	44	44	4	1	1.83	42
318			"FB2"	"interview"	2022-02-19 17:39:07	-1	-1	-1							-1	-1	-1							-1	-1	-1							-1	-1	-1							1														1	F	T	F	F	F		2	3														1	"Ich finde alle genannten Aspeke wichtig und verstehe nicht ganz den Sinn dieser Umfrage. 

Falls noch nicht bekannt möchte ich gern über das Forschungsprojekt ""INNOLAND Sachsen"" am Helmholtz-Zentrum für Umweltforschung verweisen. Da sind wir als SoLaWi deinHof mit beteiligt. Es werden über 1 Jahr 3 solidarische Landwirtschaften begleitet und sehr detailliert Daten zu genau den 3 bereichen (Ökologie, Ökonomie, Soziales) erhoben.
Vielleicht kann da ein guter Austausch statt finden :)

https://www.ufz.de/index.php?de=48623

beste Grüße
Julie


"	20	8	15			11			8			3	17			11			5			3	10			5			6			1	7			5			5			22	96	815	275		2022-02-19 17:57:00	T	F	44	44	0	0	1.67	47
319			"FB3"	"interview"	2022-02-19 17:58:21	2	-1	1		3			3		1	-1	2	3					3	-1	-1	-1							-1	-1	-1							2																							1	T	F	F		4	1	T	F	F	F	F		1		7	4	35			21			4			3	34		9	13			6	2		3	8	5		7			7		3	2	10			8			3			2	26	28	242		2022-02-19 18:02:31	T	F	44	44	5	1	1.77	41
322			"FB3"	"interview"	2022-02-21 09:03:32	2	2	2		4		7		6	1	1	1	3		3		3		2	1	1		7	3		5		1	1	2	3		8			4	1																							1	F	F	T	"Regionale Ernährungssysteme"	4	2	F	F	F	T	T	"Aktivistin im Feld nachhaltige regionale Ernährungssysteme"	1		780	20	23	7		8	2		17		8	2	687		8	10		7	8		5	10	13	5		12	4		32	3		7	4		3	12	6		4	3		3	80	52	395		2022-02-21 09:34:18	T	F	44	44	3	1	1.27	38
324			"FB2"	"interview"	2022-02-21 10:15:18	1	2	2	5			6		5	1	1	1	6		6		6		1	1	1	6		7		6		-1	-1	1					6		2														3	T	F	T	T	F		2	2														1		65	30	117			67			38	54		17	45	31		62		9	61		7	14	59	3		33	4		75	4		11	58	4		33	4		48	12		4	62	174	528		2022-02-21 10:35:23	T	F	44	44	4	1	0.4	0
328			"FB1"	"interview"	2022-02-21 12:39:39	-1	-1	-1							-1	-1	-1							-1	-1	-1							-1	-1	-1							-1	-1	F	F	F	F	F	F	F	F	F		-1	1																									5	15	39			89			80			13	23			23			54			9	24			18			41			26	50			14			49			8	28		415		2022-02-21 12:49:47	F	F	43	43	0	0	0.73	6
329			"FB3"	"interview"	2022-02-21 12:48:23	-1	-1	-1							-1	1	1			4		4		-1	-1	-1							-1	1	1			5		3		1																							1	F	T	F		1	1	F	F	F	T	F		1		35	24	52			13	36		40	5		15	53			53			13			13	58			27	4		67	5		8	27			14			7			3	61	26	569		2022-02-21 12:59:23	T	F	44	44	5	1	0.68	3
331			"FB1"	"interview"	2022-02-21 13:47:05	-1	-1	-1							-1	-1	-1							-1	-1	-1							-1	-1	-1							-1	1	T	F	F	F	F	F	F	F	F		1	2																							-1		15	8	8			9			11			8	10			11			9			7	12			22			10			17	8			8			14			9	54	34	278		2022-02-21 13:51:49	T	F	44	44	6	1	1.4	29
334			"FB3"	"interview"	2022-02-22 00:44:36	-1	2	-1				3			2	2	1		1		6	3		2	1	1		6	3		3		2	1	1		3	3		6		2																							1	T	F	F		1	1	F	F	F	F	T	"Mitglied einer solidarischen Landwirtschaft"	1		36	22	60		25	36	10		18	3		20	49			30		5	29			3	50		5	16		5	22	6		14	10		6	30	5		10	7		5	87	34	628		2022-02-22 00:55:34	T	F	44	44	3	1	0.86	9
335			"FB1"	"interview"	2022-02-22 07:22:20	-1	1	1			6		7		-1	-1	1					6		1	-1	-1	7						-1	-1	-1							2	1	F	F	F	T	F	F	F	F	F		2	2																							1		9	16	21			18			14			12	19			20	19		13	3		4	20			15			13	4		13	14	3		11			14			4	36	61	363		2022-02-22 07:28:36	T	F	44	44	5	1	1.04	8
337			"FB3"	"interview"	2022-02-22 10:46:19	-1	-1	1					5		-1	-1	-1							-1	1	-1			5				2	1	1		6	7		8		1																							1	F	F	T	"Kleingärten"	4	1	F	F	F	T	F		1		6	12	20		1587	10	6		7	3		8	10			14			9	7		2	6			16			10			2	15			9	5		6			3	40	26	252		2022-02-22 11:16:58	T	F	44	44	4	1	1.5	28
338			"FB1"	"interview"	2022-02-22 11:25:33	-1	2	2				6		7	1	2	2	6			8		8	-1	2	-1				6			-1	-1	2						5	2	1	F	F	F	F	F	F	F	F	T	"Solawi"	4	2																							1	"für mich ist absolute Priorität, die souveränität über die Lebensmittelerzeugung und deren Herstellung zu erreichen. Dazu gehören: Land/Fläche/Ort für Anbau, Kreislaufwirtschaft, lokale/regionale Produktion, eigenes, regional angepasstes Saatgut, Tausch, Austausch, folglich Gemeinschaft, eigene Resourccen, dadurch entsteht Gemeinschaft, Gemeinwohl und Bewustsein."	34	23	28			70			21		50	17	34			6		22	27		17	11	12	8		21		5	39		9	13	33			20		13	14			8	59	479	522		2022-02-22 11:43:47	T	F	44	44	0	0	0.64	6
339			"FB3"	"interview"	2022-02-23 17:40:33	-1	-1	-1							2	-1	-1		2					-1	-1	-1							-1	-1	-1							1																							1	F	F	T	"Geschützter Anbau (Indoor Farming)"	1	1	F	F	F	F	T	"Entwickler*in von Automatisierungstechnik für die Landwirtschaft"	-1		6	7	12			11			3			3	17			13			9			2	27		16	8			6			1	41			6			3			2	70	15	278		2022-02-23 17:45:11	T	F	44	44	5	1	1.75	44
340			"FB1"	"interview"	2022-02-25 10:42:23	2	2	-1		4		3			1	-1	2	3					2	2	2	-1		5		7			1	-1	2	5					4	1	3	F	F	F	T	T	T	F	F	F		1	1																							1		82	28	50	24		30			38		10	23	33		10	28		6	15			9	47	5		27			23		2	8	26		5	8		4	29			3	59	39	657		2022-02-25 10:53:34	T	F	44	44	4	1	0.8	4
342			"FB3"	"interview"	2022-02-28 13:09:30	2	2	-1		5		4			-1	1	1			6		6		-1	-1	-1							-1	-1	-1							1																							1	T	F	F		3	1	T	F	F	F	F		1		38	8	44			48			11			5	46		26	23		16	8			9	32			16	15		17	6		6	33			50			10			2	47	81	518		2022-02-28 13:19:27	T	F	44	44	5	1	0.76	5
346			"FB3"	"interview"	2022-03-02 18:24:10	-1	-1	-1							-1	-1	-1							-1	-1	-1							-1	-1	-1							2																							1	T	F	F		4	1	F	F	F	F	T	"Trägerverein einer Solidarischen Landwirtschaft"	1		20	7	23			16			17			9	24			12			16			11	24			11			15			9	10			5			7			5	105	84	430		2022-03-02 18:31:20	T	F	44	44	5	1	0.95	7
347			"FB1"	"interview"	2022-03-03 11:39:43	-1	-1	-1							-1	1	1			4		6		2	1	1		3	3		5		1	1	-1	4		6				1	1	F	F	F	F	F	F	F	F	T	"Klimaanpassung"	1	2																							1		4	9	15	21		11	5		12			4	15			23			6			2	17			6	4		6	4		2	17		3	15	2		7	4		2	26	27	269		2022-03-03 11:44:13	T	F	44	44	4	1	1.69	38
348			"FB2"	"interview"	2022-03-03 14:27:13	-1	1	1			5		5		2	1	1		3	3		3		2	2	-1		3		3			-1	1	1			5		6		-1														3	T	F	T	T	F		2	2														-1		14	10	36			28	21		11	4		12	21			15	3		13	4		6	68		9	12	5		8	4		10	13		4	7		4	6			4	31	28	354		2022-03-03 14:34:06	T	F	44	44	4	1	1.08	10
351			"FB3"	"interview"	2022-03-06 21:03:37	-1	-1	-1							-1	-1	-1							-1	-1	-1							-1	1	1			3		3		1																							1	T	F	F		3	1	F	F	F	F	T	"Mitgründerin und freiwillige Helferin bei 2 solidarischen Landwirtschaften. Immer ""ehrenamtlich"", ohne Bezahlung. "	1	"Ich bin gespannt, warum ihr die einzelnen Punkte der urbanen Landwirtschaft so ""gegeneinander aufwiegt"". 
Ich finde es gerade klasse, dass eine solidarische Landwirtschaft alle Aspekte abgedeckten kann. Ich denke, dass wir nur so weiter kommen. Wir brauchen einen gesunden Boden, biologische Vielfalt, intakte Kreisläufe, kürzere Transportwege, weniger Lagerung, weniger Verpackung, Lebensmittel ohne Pestizide
... aber auch mehr Menschen, die davon wissen, wie alles funktionieren kann. Und dafür brauchen wir Gemeinschaft und Solidarität, sonst kommen wir gegen die Agrarriesen nicht an! Die Menschen müssen an der Produktion beteiligt werden, damit sie verstehen, was der Unterschied zu dem Obst und Gemüse aus dem Supermarkt ist. Nur in der Gemeinschaft können wir durch eine solidarische Bezahlung und die Einkommensspanne wieder etwas ausgleichen. 



 
"	74	17	64			40	37		23	3		11	37			57			16			6	37			13			30			10	25			21			40			6	165	741	594		2022-03-06 21:28:11	T	F	44	44	0	0	0.54	2
354			"FB1"	"interview"	2022-03-07 09:05:38	2	2	2		7		6		4	-1	2	2				6		7	2	2	1		6		6	5		-1	2	1				5	5		1	1	F	F	F	F	F	F	F	F	T	"Stadtentwicklung"	2	2																							1		82	19	49			33		29	14	10		10	19		3	313		5	14		6	4	16			12		8	19		6	3	34		6	10		2	10	7		2	36	1314	492		2022-03-07 09:40:34	T	F	44	44	3	1	0.97	11
355			"FB1"	"interview"	2022-03-07 09:07:47	-1	-1	-1							-1	-1	-1							-1	-1	-1							1	-1	2	5					3	-1	1	T	F	F	F	F	F	F	F	F		3	2																							-1		4	14	40	15		118			11		8	85	19			6			6			7	14			5			4			12	12			4			4			2	52	353	315		2022-03-07 09:21:03	T	F	44	44	5	1	1.5	37
359			"FB2"	"interview"	2022-03-07 09:33:41	-1	-1	-1							2	2	-1		4		3			-1	-1	-1							-1	-1	-1							1														2	F	F	T	T	F		4	2														1		39	30	39			44			40			17	18			13			13			8	22		23	46		9	29			9	9			6			10			8	45	108	537		2022-03-07 09:43:27	T	F	44	44	5	1	0.72	4
361			"FB2"	"interview"	2022-03-07 09:51:20	2	2	2		4		5		4	2	1	1		4	5		5		2	1	1		5	5		4		2	1	2		5	4			4	1														1	F	F	F	F	T	"mehrere Schwerpunkte, unter anderem Umwelt, aber auch Mobilität, Innovation etc. "	3	1														-1		25	46	48		17	26	10		54		4	6	28		4	11		2	16		3	40	87		4	6	2		6	2		2	75		4	13	3		8	5		2	62	28	379		2022-03-07 10:02:09	T	F	44	44	3	1	1.1	17
364			"FB3"	"interview"	2022-03-07 10:40:05	-1	2	2				2		2	-1	1	1			6		6		2	2	-1		2		6			-1	-1	-1							2																							-1	F	F	F		4	1	F	F	F	F	T	"Angewandte Forschung (transdisziplinäre Forschungsansätze und Co-Produktion von Wissen) "	1		3	6	14			13			3			3	239			15		12	16		7	8	6			4	10		6	4		3	8		2	6		4	7			2	106	24	302		2022-03-07 10:48:56	T	F	44	44	4	1	1.6	40
366			"FB2"	"interview"	2022-03-07 11:04:25	-1	2	-1				5			-1	1	1			5		4		2	-1	-1		4					1	1	1	4		6		4		1														1	F	F	F	T	F		-1	2														-1		14	10	17	13		24	2		9	4		8	29			57		2	7			4	12			4	10		7	2		4	9		3	7			17			2	27	15	261		2022-03-07 11:09:44	T	F	44	44	4	1	1.48	33
367			"FB3"	"interview"	2022-03-07 11:34:36	-1	-1	-1							-1	-1	-1							-1	1	1			6		6		-1	-1	-1							1																							1	T	F	F		4	1	F	T	F	F	F		-1	"Ihren Ansatz, die unterschiedlichen Werte gegeneinanderzustellen und nach Wichtigkeit zu ordnen, finde ich nicht sinnvoll. Wir brauchen ganzheitliche Ansätze, die auf allen Ebenen wirksam sind. Genau das bieten viele Konzepte der urbanen Landwirtschaft. Diese Dinge zu zerlegen macht das ganze wieder kaputt. Ich frage mich, was sie mit den Bewertungskriterien erreichen wollen. Unterstützen Sie so die weitere Etablierung urbaner Landwirtschaftsprojekte?"	34	28	40			40			10			10	13			25			14			5	58			10			11			2	7			26	32		15	15		2	58	291	461		2022-03-07 11:47:02	T	F	44	44	0	0	0.84	9
368			"FB3"	"interview"	2022-03-07 11:36:43	-1	2	-1				5			2	2	-1		6		5			-1	1	1			6		6		1	-1	2	6					5	2																							1	F	T	F		-1	1	F	F	F	T	F		-1		8	10	20	31		25			29		3	7	51			45		13	15			3	16		4	10		1	19			2	13			8	2		19	4		2	73	27	428		2022-03-07 11:44:23	T	F	44	44	4	1	1.18	16
371			"FB2"	"interview"	2022-03-07 12:43:16	-1	-1	-1							2	1	1		6	6		6		2	-1	-1		7					1	1	1	6		8		8		1														1	F	F	T	F	F		3	2														1		4	3	15	28		14	5		11	6		7	24			9			8			4	10		5	5	4		24	3		3	16		2	10			11			2	34	45	284		2022-03-07 12:48:28	T	F	44	44	4	1	1.5	31
372			"FB1"	"interview"	2022-03-07 13:15:41	-1	-1	1					3		2	2	-1		3		6			1	2	-1	7			8			-1	-1	-1							2	1	T	F	F	F	F	F	F	F	F		2	2																							1		4	4	18			12			9			3	11			4			4	5		1	7		3	6		3	4			2	12	2		8		2	6			1	26	27	181		2022-03-07 13:18:45	T	F	44	44	4	1	2.16	75
375			"FB2"	"interview"	2022-03-07 14:56:59	-1	-1	1					3		-1	-1	1					5		-1	-1	-1							-1	1	1			4		6		1														1	F	F	F	F	T	"Beratung, Netzwerken, Bildung"	1	1														1		11	5	12			13	8		8	6		10	8			6			15	3		7	8			10			7	4		7	7			6			6			3	79	41	290		2022-03-07 15:01:51	T	F	44	44	4	1	1.46	25
378			"FB1"	"interview"	2022-03-07 16:15:30	2	2	1		8		6	8		1	1	-1	8		6				2	2	-1		6		8			-1	1	1			8		8		-1	2	F	F	F	T	F	F	F	T	F		3	2																							-1	"Ich bin bei einer Solidarischen Landwirtschaft (biologischer Anbau) Mitglied, in der die Nahrungsmittelanteile für Einzelpersonen nicht angepasst werden können. Darüber hinaus erscheinen die Gemüse-Anteile zu teuer. U.U. ändert sich das, wenn die konventionelle Lebensmittelteuerung noch weiter ansteigt."	4	3	51			27	25		24	15		8	57		29	56		11	22	4		10	24	6		47	4		47			2	34		10	16		6	41			3	54	411	642		2022-03-07 16:33:03	T	F	44	44	0	0	0.83	13
380			"FB1"	"interview"	2022-03-07 17:16:56	-1	-1	-1							-1	-1	-1							-1	-1	-1							-1	1	-1			6				1	3	F	F	T	T	F	T	F	F	F		2	1																							1		12	25	45			34	32		43			13	25			38			20			7	38			21			15			13	14			10			32			3	113	66	542		2022-03-07 17:27:15	T	F	44	44	5	1	0.71	1
381			"FB2"	"interview"	2022-03-07 21:41:04	-1	-1	-1							2	-1	1		5			4		2	-1	1		5			5		-1	-1	2						3	1														2	T	T	F	F	F		1	2														1		62	19	76			43			33		60	10	345			28			33			3	85		8	80			90	6		10	60		2	39			18	5		3	81	65	615		2022-03-07 22:02:09	T	F	44	44	4	1	0.6	4
382			"FB1"	"interview"	2022-03-08 08:44:55	1	2	2	5			6		5	-1	-1	-1							2	2	-1		6		6			2	2	1		7		6	7		2	-1	F	F	F	F	F	F	F	F	F		4	1																							1		189	18	64		24	56		17	20	4		14	54	13		102		3	20		9	9	51			10			19			7	7		5	8		3	6			4	88	71	546		2022-03-08 08:59:50	T	F	44	44	4	1	0.84	7
383			"FB1"	"interview"	2022-03-08 09:53:55	-1	-1	-1							-1	-1	-1							-1	2	2				6		6	-1	1	1			5		5		1	-1	F	F	F	F	F	F	F	F	F		-1	2																							1		24	8	41			29	22		5	4		11	15			21			4			11	83			11			33			5	12			11		10	5		5	3	82	79	470		2022-03-08 10:02:49	T	F	44	44	5	1	1.07	16
385			"FB3"	"interview"	2022-03-08 11:02:32	2	2	1		6		4	5		-1	-1	-1							2	2	1		5		6	6		-1	1	-1			5				1																							1	F	F	T	"Urban Gardening"	1	1	F	F	F	T	F		-1		5	5	33			6	20		8			4	18		4	14		3	9	4		2	29			6			6			1	22		2	6		6	7	3		2	42	17	284		2022-03-08 11:07:16	T	F	44	44	4	1	1.74	44
389			"FB2"	"interview"	2022-03-08 22:03:53	2	-1	-1		3					2	-1	1		4			3		2	-1	-1		3					-1	1	1			6		6		1														-1	F	F	F	F	F		2	2														1		15	14	24			17	18		10	11		6	32		18	18			17			6	22		5	12			12	3		3	12		7	10			14			2	58	37	403		2022-03-08 22:10:36	T	F	44	44	4	1	1	7
390			"FB3"	"interview"	2022-03-09 12:06:15	-1	2	1				3	3		2	2	-1		6		6			1	2	2	3			5		5	-1	-1	-1							1																							1	T	F	F		1	1	F	F	F	F	T	"Mitglied einer Solawi und engagiert in einem angegliederten urbanen Verein zum Ausprobieren und der Weiterbildung für eine Ernährugnswende"	-1		6	13	19			35			10			4	36			15		18	20	3		3	11		3	8		3	11			1	40	4		6		3	8		4	2	83	27	385		2022-03-09 12:12:51	T	F	44	44	4	1	1.36	24
393			"FB1"	"interview"	2022-03-09 16:23:38	1	-1	2	4					4	2	2	1		5		4	5		2	2	-1		6		6			2	1	1		3	6		6		1	1	T	F	F	F	F	F	F	F	F		4	2																							-1	"München kämpft vor allem mit hohen Bodenpreisen, Flächenknappheit und Flächenkonkurrenzen vieler Bedarfe um die wenigen Bodenressourcen. Wir nversuchen im Rahmen des Flächenmanagement nun vor allem Mehrfach- und Hybridnutzungen zu etablieren sowie Synergieeffekte zu heben. Ich denke, das läge auch die Stärke urbaner Landwirtschaft - Anbau von Lebensmitteln nicht auf der ""grünen Wiese"" sondern unter innovativen Bedingungen in Zusammenarbeit mit anderen Nutzungen und Etablierung unkonventioneller Partnerschaften, wo man Landwirtschaft nicht vermuten würde, z. B. bei technischen Infrastruktureinrichtungen, bei Ver- und Entsorgungsbetrieben, auf Dächern ... "	56	12	23		25	17	8		12	3		9	44	4		20			27		2	8	12		3	25		8	13	3		7	25		5	13		3	87			4	26	323	435		2022-03-09 16:37:25	T	F	44	44	0	0	1.03	11
394			"FB2"	"interview"	2022-03-09 22:15:33	2	-1	1		6			6		-1	-1	-1							2	-1	-1		3					1	1	-1	6		6				2														1	F	T	F	F	F		2	3														-1		5	8	14	12		14	4		10			4	18		4	9			8	2		7	7			8			5			2	11		2	11			14			2	35	20	224		2022-03-09 22:19:29	T	F	44	44	4	1	1.71	36
398			"FB3"	"interview"	2022-03-11 14:09:42	2	2	-1		8		8			2	1	1		2	5		3		2	2	2		3		6		5	2	2	1		6		3	6		2																							1	F	T	F		4	1	F	F	F	T	F		1	"Viel Erfolg!
Eine dritte Runde (Delphi-Befragung) wäre spannend, um zu schauen, was die anderen geantwortet haben und vor dem Hintergrund ggf. die eigene Meinung zu überdenken."	16	14	12		25	28		7	9	8		12	21		16	24		5	16			10	27		6	23	5		13	4		12	22		3	11		6	7		4	3	37	63	433		2022-03-11 14:17:31	T	F	44	44	0	0	0.99	9
399			"FB2"	"interview"	2022-03-13 02:15:56	-1	-1	-1							2	-1	1		6			6		2	2	-1		6		6			1	1	-1	6		3				1														1	T	F	F	F	F		2	2														1		33	15	41	26		56	5		26			21	15			12			8			24	14		23	19			12	6		49	12		5	10		10	12			4	70	50	491		2022-03-13 02:25:35	T	F	44	44	4	1	0.81	5
400			"FB2"	"interview"	2022-03-13 13:58:25	2	-1	1		8			8		1	-1	1	4				6		2	-1	-1		6					2	1	1		3	8		8		1														1	T	F	F	F	F		2	1														-1		4	2	25		23	16	8		9	2		9	6		5	26			21	3		3	8	8		8			11	2		2	8		3	10			12			2	27	17	249		2022-03-13 14:03:06	T	F	44	44	4	1	1.67	45
401			"FB1"	"interview"	2022-03-14 07:45:25	1	1	2	5		5			5	2	1	-1		6	6				1	1	1	7		6		5		1	1	1	5		6		6		1	1	F	F	F	F	F	F	F	F	T	"Lebensmittelüberwachung"	2	3																							-1		21	5	32	19		24	9		10	4		6	27	12		11	4		5		4	5	7		2	16	3		101			20	5	2		10	14		47	16		3	63	89	486		2022-03-14 07:55:21	T	F	44	44	3	1	1.21	21
402			"FB1"	"interview"	2022-03-14 11:37:44	-1	-1	1					3		-1	-1	-1							2	2	2		3		6		4	-1	1	2			6			4	1	1	T	F	F	F	F	F	F	F	F		4	2																							-1		14	10	35			24	11		17		12	12	35			19			13	24		7	19			11			13			9	6		4	6		6	8		7	3	25	29	359		2022-03-14 11:44:03	T	F	44	44	4	1	1.08	10
403			"FB3"	"interview"	2022-03-14 11:43:40	-1	1	1			2		4		2	2	1		5		4	4		2	2	1		6		3	6		1	1	1	4		6		6		1																							1	T	F	F		1	-1	F	F	F	F	F		1		278	20	39	22148		17	7		8	4		5	14			13	10		8	3		2	12		3	21		2	7	2		3	4		3	6		3	4	2		2	52	21	296		2022-03-14 18:02:23	T	F	44	44	3	1	1.59	36
404			"FB1"	"interview"	2022-03-14 16:55:44	2	2	1		8		6	6		1	2	2	4			4		4	2	1	1		8	6		6		1	1	2	6		6			6	2	1	F	F	F	F	F	T	F	F	F		4	2																							-1	"Landwirtschaft-Betreiben in Großstadtnähe ist sehr schwierig - weil viele Städter die (privaten) Flächen nicht achten und für ihre privatnützigen Interessen nutzen, wie Drachensteigen, Querfeldein-Radeln oder-Laufen, Quad-Fahren, Drohen- oder Modellbau-Flüge starten, Picknick veranstalten, Lagerfeuer/Grillen, Silvesterfeuerwerke, Hundeauslauf nebst Exkrementen usw. Randflächen zur Besiedelung sind dadurch übernutzt. Ein Landwirtschaftsbetrieb hat dadurch Verluste/Einbußen. Feldfrüchte werden dann noch geerntet (Maiskolben, Kartoffeln, Sonnenblumen usw.).

Ggf. können zwischen Randflächen zur Besiedelung und Landwirtschaftsflächen deutliche Raine/Gehölzstreifen angelegt werden, die eine wirksame Abschirmung darstellen können.

Bauordnungsrechtliche aufgegebene Nutzungen im Außenbereich sollten konsequent zurückgebaut werden (hier ist die Absicht der sächsischen Landesregierung zu kritisieren, die bisher übliche 7-Jahres-Frist für entfallene Nutzungen mit einer geplanten Novelle gänzlich aufzuheben!) - und zwar so sorgfältig, daß dort künftig eine landwirtschaftliche Nachnutzung möglich ist.

Es sollten künftig keine gewerblichen Gebäude mehr ohne eine Nutzung der Dachflächen errichtet werden. Hier besteht ein sehr großes Flächenpotential, bedarf aber einer sorgsamen statischen Planung und Dimensionierung. Auf Dachflächen sollten gärtnerische/landwirtschaftliche Nutzungen erfolgen - entweder durch eine intensive Dachbegrünung mit Kräuter- und Gemüseanbau oder durch die Aufstellung von Pflanzbeeten/Hochbeeten für eine gärtnerische Nutzung durch Einwohner der Stadt, Urban Gardening oder durch eine gewerbliche Nutzung, z.B. zur Eigenerzeugung von Kräutern/Gemüse durch einen Gastronomiebetrieb in der Umgebung, als Schulgarten (selbstverständlich mit sicheren Umzäunungen)."	84	7	31	20		27	4		10		5	10	18		7	27		3	13	3		5	15	9		13		3	14		2	3	13		4	9	4		5	3		2	24	1385	435		2022-03-14 17:25:26	T	F	44	44	0	0	1.32	21
405			"FB1"	"interview"	2022-03-15 09:29:42	2	2	1		5		6	4		2	2	2		6		7		7	1	2	2	7			6		6	-1	-1	2						6	2	1	F	F	F	T	F	F	F	F	F		4	3																							1		15	15	94			20			12		39	20	37		17	14		10	15	5		3	22		7	8		4	6		4	2	9	2		7		2	7		3	7	49	37	459		2022-03-15 09:37:54	T	F	44	44	4	1	1.17	17
